date,sales,day_of_week,week_of_year,month,quarter,sales_lag_1,sales_lag_7,sales_lag_14,sales_lag_30,sales_roll_mean_7,sales_roll_std_7,sales_roll_mean_30,sales_roll_std_30,is_holiday,is_special_occasion,is_peak_season,is_off_season
2023-01-01,53700,6,52,1,1,0.0,0.0,0.0,0.0,0.0,0.0,0.0,0.0,0,0,1,0
2023-01-02,51820,0,1,1,1,53700.0,0.0,0.0,0.0,0.0,0.0,0.0,0.0,0,0,1,0
2023-01-03,34090,1,1,1,1,51820.0,0.0,0.0,0.0,0.0,0.0,0.0,0.0,0,0,1,0
2023-01-04,39565,2,1,1,1,34090.0,0.0,0.0,0.0,0.0,0.0,0.0,0.0,0,0,1,0
2023-01-05,53445,3,1,1,1,39565.0,0.0,0.0,0.0,0.0,0.0,0.0,0.0,0,0,1,0
2023-01-06,7650,4,1,1,1,53445.0,0.0,0.0,0.0,0.0,0.0,0.0,0.0,0,0,1,0
2023-01-07,42550,5,1,1,1,7650.0,0.0,0.0,0.0,0.0,0.0,0.0,0.0,0,0,1,0
2023-01-08,16660,6,1,1,1,42550.0,53700.0,0.0,0.0,40402.857142857145,16305.299204334067,0.0,0.0,0,0,1,0
2023-01-09,30360,0,2,1,1,16660.0,51820.0,0.0,0.0,35111.42857142857,17253.46069495569,0.0,0.0,0,0,1,0
2023-01-10,12510,1,2,1,1,30360.0,34090.0,0.0,0.0,32045.714285714286,15618.90372501952,0.0,0.0,0,0,1,0
2023-01-11,33560,2,2,1,1,12510.0,39565.0,0.0,0.0,28962.85714285714,17198.051696132825,0.0,0.0,0,0,1,0
2023-01-12,37240,3,2,1,1,33560.0,53445.0,0.0,0.0,28105.0,16724.307409675697,0.0,0.0,0,0,1,0
2023-01-14,49905,5,2,1,1,37240.0,7650.0,0.0,0.0,25790.0,13429.028259706658,0.0,0.0,0,0,1,0
2023-01-15,33730,6,2,1,1,49905.0,42550.0,0.0,0.0,31826.428571428572,13412.911290458696,0.0,0.0,0,0,1,0
2023-01-16,19520,0,3,1,1,33730.0,16660.0,53700.0,0.0,30566.428571428572,12629.017748253991,0.0,0.0,0,0,1,0
2023-01-17,29300,1,3,1,1,19520.0,30360.0,51820.0,0.0,30975.0,12140.969552167846,0.0,0.0,0,0,1,0
2023-01-18,45735,2,3,1,1,29300.0,12510.0,34090.0,0.0,30823.571428571428,12156.519072184316,0.0,0.0,0,0,1,0
2023-01-19,43800,3,3,1,1,45735.0,33560.0,39565.0,0.0,35570.0,10132.040350623698,0.0,0.0,0,0,1,0
2023-01-20,550,4,3,1,1,43800.0,37240.0,53445.0,0.0,37032.857142857145,10525.07001447135,0.0,0.0,0,0,1,0
2023-01-21,54805,5,3,1,1,550.0,49905.0,7650.0,0.0,31791.428571428572,17336.42858123844,0.0,0.0,0,0,1,0
2023-01-22,18850,6,3,1,1,54805.0,33730.0,42550.0,0.0,32491.428571428572,18263.823694735478,0.0,0.0,0,0,1,0
2023-01-23,12080,0,4,1,1,18850.0,19520.0,16660.0,0.0,30365.714285714286,18948.73532028181,0.0,0.0,0,0,1,0
2023-01-24,14300,1,4,1,1,12080.0,29300.0,30360.0,0.0,29302.85714285714,19845.896271257792,0.0,0.0,0,0,1,0
2023-01-25,42635,2,4,1,1,14300.0,45735.0,12510.0,0.0,27160.0,20640.173004765893,0.0,0.0,0,0,1,0
2023-01-26,24750,3,4,1,1,42635.0,43800.0,33560.0,0.0,26717.14285714286,20203.846963953605,0.0,0.0,0,0,1,0
2023-01-28,51770,5,4,1,1,24750.0,550.0,37240.0,0.0,23995.714285714286,18750.000095238094,0.0,0.0,0,0,1,0
2023-01-29,47730,6,4,1,1,51770.0,54805.0,49905.0,0.0,31312.85714285714,18056.85646717586,0.0,0.0,0,0,1,0
2023-01-30,17100,0,5,1,1,47730.0,18850.0,33730.0,0.0,30302.14285714286,16667.29028595202,0.0,0.0,0,0,1,0
2023-01-31,28720,1,5,1,1,17100.0,12080.0,19520.0,0.0,30052.14285714286,16879.469249441976,0.0,0.0,0,0,1,0
2023-02-01,32455,2,5,2,1,28720.0,14300.0,29300.0,0.0,32429.285714285714,14992.88676577759,0.0,0.0,0,0,0,1
2023-02-02,43890,3,5,2,1,32455.0,42635.0,45735.0,53700.0,35022.857142857145,12734.227452402603,32696.166666666668,15498.919577658073,0,0,0,1
2023-02-03,17500,4,5,2,1,43890.0,24750.0,43800.0,51820.0,35202.142857142855,12867.399328387643,32369.166666666668,15139.821611219211,0,0,0,1
2023-02-04,61930,5,5,2,1,17500.0,51770.0,550.0,34090.0,34166.42857142857,14083.260960648087,31225.166666666668,14914.36113531896,0,0,0,1
2023-02-05,55800,6,5,2,1,61930.0,47730.0,54805.0,39565.0,35617.857142857145,16513.696804254865,32153.166666666668,15930.290897366334,1,0,0,1
2023-02-06,56000,0,6,2,1,55800.0,17100.0,18850.0,53445.0,36770.71428571428,17736.61195300356,32694.333333333332,16457.785587276972,0,0,0,1
2023-02-07,47800,1,6,2,1,56000.0,28720.0,12080.0,7650.0,42327.857142857145,16604.115919740834,32779.5,16575.063132453753,0,0,0,1
2023-02-08,29350,2,6,2,1,47800.0,32455.0,14300.0,42550.0,45053.57142857143,15529.24088998069,34117.833333333336,16089.875145961938,0,0,0,1
2023-02-09,50350,3,6,2,1,29350.0,43890.0,42635.0,16660.0,44610.0,15986.686127316505,33677.833333333336,16031.71553210382,0,0,0,1
2023-02-10,20500,4,6,2,1,50350.0,17500.0,24750.0,30360.0,45532.857142857145,16124.062468131011,34800.833333333336,15978.414107321712,0,0,0,1
2023-02-11,88850,5,6,2,1,20500.0,61930.0,51770.0,12510.0,45961.42857142857,15272.139588775643,34472.166666666664,16173.1301047465,0,0,0,1
2023-02-12,72600,6,6,2,1,88850.0,55800.0,47730.0,33560.0,49807.142857142855,21910.18462898456,37016.833333333336,18444.591884854774,0,0,0,1
2023-02-13,81480,0,7,2,1,72600.0,56000.0,17100.0,37240.0,52207.142857142855,23535.84904940103,38318.166666666664,19537.13892526379,0,0,0,1
2023-02-14,26000,1,7,2,1,81480.0,47800.0,28720.0,49905.0,55847.142857142855,26055.65947114353,39792.833333333336,21062.989508619852,0,0,0,1
2023-02-15,59450,2,7,2,1,26000.0,29350.0,32455.0,33730.0,52732.857142857145,28377.186678906783,38996.0,21119.344229631166,0,0,0,1
2023-02-16,71750,3,7,2,1,59450.0,50350.0,43890.0,19520.0,57032.857142857145,26459.15198583516,39853.333333333336,21418.135295590742,0,0,0,1
2023-02-17,23880,4,7,2,1,71750.0,20500.0,17500.0,29300.0,60090.0,26792.508903298592,41594.333333333336,21827.205056413262,0,0,0,1
2023-02-18,57870,5,7,2,1,23880.0,88850.0,61930.0,45735.0,60572.857142857145,25978.18040477158,41413.666666666664,21954.535543243455,0,0,0,1
2023-02-19,86250,6,7,2,1,57870.0,72600.0,55800.0,43800.0,56147.142857142855,22802.759858027228,41818.166666666664,22147.83843595256,0,0,0,1
2023-02-20,83600,0,8,2,1,86250.0,81480.0,56000.0,550.0,58097.142857142855,24928.775684795633,43233.166666666664,23588.036911029536,0,0,0,1
2023-02-21,63850,1,8,2,1,83600.0,26000.0,47800.0,54805.0,58400.0,25270.73010421347,46001.5,23277.3291419518,0,0,0,1
2023-02-22,84900,2,8,2,1,63850.0,59450.0,29350.0,18850.0,63807.142857142855,20844.427484170883,46303.0,23453.201957706446,0,0,0,1
2023-02-23,106150,3,8,2,1,84900.0,71750.0,50350.0,12080.0,67442.85714285714,22137.208280995867,48504.666666666664,23883.459069540924,0,0,0,1
2023-02-24,10850,4,8,2,1,106150.0,23880.0,20500.0,14300.0,72357.14285714286,26617.58799132995,51640.333333333336,25081.539334783636,0,0,0,1
2023-02-25,104250,5,8,2,1,10850.0,57870.0,88850.0,42635.0,70495.71428571429,30713.234854669685,51525.333333333336,25265.881926824357,0,0,0,1
2023-02-26,127300,6,8,2,1,104250.0,86250.0,72600.0,24750.0,77121.42857142857,32487.072520502414,53579.166666666664,26965.42128302957,0,0,0,1
2023-02-27,48848,0,9,2,1,127300.0,83600.0,81480.0,51770.0,82985.71428571429,37696.791577508266,56997.5,29559.976866154444,0,0,0,1
2023-02-28,30850,1,9,2,1,48848.0,63850.0,26000.0,47730.0,78021.14285714286,39830.40290794867,56900.1,29582.600739402482,0,0,0,1
2023-03-01,114370,2,9,3,1,30850.0,84900.0,59450.0,17100.0,73306.85714285714,43565.066232126,56337.433333333334,29921.6199608512,0,0,0,1
2023-03-02,125560,3,9,3,1,114370.0,106150.0,71750.0,28720.0,77516.85714285714,46215.44116933422,59579.76666666667,30780.993770432462,0,0,0,1
2023-03-03,48600,4,9,3,1,125560.0,10850.0,23880.0,32455.0,80289.71428571429,48733.40326618657,62807.76666666667,32464.879814308122,0,0,0,1
2023-03-04,185350,5,9,3,1,48600.0,104250.0,57870.0,43890.0,85682.57142857143,41288.51994948536,63345.933333333334,32075.861430024925,0,0,0,1
2023-03-05,88550,6,9,3,1,185350.0,127300.0,86250.0,17500.0,97268.28571428571,56091.73552230994,68061.26666666666,38808.279242817574,0,0,0,1
2023-03-06,81375,0,10,3,1,88550.0,48848.0,83600.0,61930.0,91732.57142857143,54524.142172243766,70429.6,37770.39071091497,0,0,0,1
2023-03-07,87600,1,10,3,1,81375.0,30850.0,63850.0,55800.0,96379.28571428571,51566.04441786055,71077.76666666666,37786.34354629791,0,0,0,1
2023-03-08,84250,2,10,3,1,87600.0,114370.0,84900.0,56000.0,104486.42857142857,43353.68080435293,72137.76666666666,37789.020043396595,0,0,0,1
2023-03-09,111800,3,10,3,1,84250.0,125560.0,106150.0,47800.0,100183.57142857143,43702.54728600747,73079.43333333333,37724.94264951499,0,0,0,1
2023-03-10,46750,4,10,3,1,111800.0,48600.0,10850.0,29350.0,98217.85714285714,42668.11044339237,75212.76666666666,38054.25656528821,0,0,0,1
2023-03-11,136800,5,10,3,1,46750.0,185350.0,104250.0,50350.0,97953.57142857143,43030.85237306351,75792.76666666666,37459.085983734054,0,0,0,1
2023-03-12,139080,6,10,3,1,136800.0,88550.0,127300.0,20500.0,91017.85714285714,27821.1726713582,78674.43333333333,38737.729367244596,0,0,0,1
2023-03-13,107000,0,11,3,1,139080.0,81375.0,48848.0,88850.0,98236.42857142857,33124.08674392477,82627.1,38646.76423833053,0,0,0,1
2023-03-14,97200,1,11,3,1,107000.0,87600.0,30850.0,72600.0,101897.14285714286,32357.166498467217,83232.1,38888.847890250414,0,0,0,1
2023-03-15,130850,2,11,3,1,97200.0,84250.0,114370.0,81480.0,103268.57142857143,31849.663749439907,84052.1,38916.27657735035,0,0,0,1
2023-03-16,91650,3,11,3,1,130850.0,111800.0,125560.0,26000.0,109925.71428571429,32081.180286445735,85697.76666666666,39836.736675381406,0,0,0,1
2023-03-17,11300,4,11,3,1,91650.0,46750.0,48600.0,59450.0,107047.14285714286,32781.34210913574,87886.1,38214.43297151592,0,0,0,1
2023-03-18,124500,5,11,3,1,11300.0,136800.0,185350.0,71750.0,101982.85714285714,44347.00167026924,86281.1,40398.652210660824,0,0,0,1
2023-03-19,122000,6,11,3,1,124500.0,139080.0,88550.0,23880.0,100225.71428571429,42959.505683508905,88039.43333333333,40889.36345941438,0,0,0,1
2023-03-20,86450,0,12,3,1,122000.0,107000.0,81375.0,57870.0,97785.71428571429,40816.46639006657,91310.1,39480.344594057395,0,0,0,1
2023-03-21,73950,1,12,3,1,86450.0,97200.0,87600.0,86250.0,94850.0,40782.28782204359,92262.76666666666,38987.347080712665,0,0,0,1
2023-03-22,135200,2,12,3,1,73950.0,130850.0,84250.0,83600.0,91528.57142857143,41499.4664337473,91852.76666666666,39117.21765692878,0,0,0,1
2023-03-23,55300,3,12,3,1,135200.0,91650.0,111800.0,63850.0,92150.0,42212.853492745606,93572.76666666666,39869.03875205225,1,0,0,1
2023-03-24,7000,4,12,3,1,55300.0,11300.0,46750.0,84900.0,86957.14285714286,44460.58580896338,93287.76666666666,40118.61393562958,0,0,0,1
2023-03-25,18600,5,12,3,1,7000.0,124500.0,136800.0,106150.0,86342.85714285714,45692.74585543671,90691.1,43091.136800770975,0,0,0,1
2023-03-26,73400,6,12,3,1,18600.0,122000.0,139080.0,10850.0,71214.28571428571,48404.49974163662,87772.76666666666,44933.354894188866,0,0,0,1
2023-03-27,56100,0,13,3,1,73400.0,86450.0,107000.0,104250.0,64271.42857142857,43100.92668322091,89857.76666666666,42633.25265215286,0,0,0,1
2023-03-28,61550,1,13,3,1,56100.0,73950.0,97200.0,127300.0,59935.71428571428,42010.779512383466,88252.76666666666,42977.70167607234,0,0,0,1
2023-03-29,96100,2,13,3,1,61550.0,135200.0,130850.0,48848.0,58164.28571428572,41580.591569121505,86061.1,42592.55707713457,0,0,0,1
2023-03-30,53020,3,13,3,1,96100.0,55300.0,91650.0,30850.0,52578.57142857143,30713.431604957197,87636.16666666667,42039.058720132074,0,0,0,1
2023-03-31,40250,4,13,3,1,53020.0,7000.0,11300.0,114370.0,52252.857142857145,30691.842952314324,88375.16666666667,41192.742047417254,0,0,0,1
2023-04-01,167750,5,13,4,2,40250.0,18600.0,124500.0,125560.0,57002.857142857145,24461.688899369292,85904.5,41798.198450494216,0,0,0,1
2023-04-02,238950,6,13,4,2,167750.0,73400.0,122000.0,48600.0,78310.0,43209.634728071214,87310.83333333333,43838.41269628595,0,0,0,1
2023-04-03,80450,0,14,4,2,238950.0,56100.0,86450.0,185350.0,101960.0,74238.66827110163,93655.83333333333,51199.58374836408,0,0,0,1
2023-04-04,157250,1,14,4,2,80450.0,61550.0,73950.0,88550.0,105438.57142857143,72276.22532769025,90159.16666666667,48216.572270568846,0,0,0,1
2023-04-05,149050,2,14,4,2,157250.0,96100.0,135200.0,81375.0,119110.0,71639.11664260902,92449.16666666667,49744.71550660767,0,0,0,1
2023-04-06,168150,3,14,4,2,149050.0,53020.0,55300.0,87600.0,126674.28571428571,71600.03814178292,94705.0,50749.52642890986,0,0,0,1
2023-04-07,33000,4,14,4,2,168150.0,40250.0,7000.0,84250.0,143121.42857142858,64757.386046836815,97390.0,52462.57411487374,0,0,0,1
2023-04-08,289210,5,14,4,2,33000.0,167750.0,18600.0,111800.0,142085.7142857143,66705.576442839,95681.66666666667,53724.45318046736,0,0,0,1
2023-04-09,303950,6,14,4,2,289210.0,238950.0,73400.0,46750.0,159437.14285714287,87156.18064032827,101595.33333333333,64285.85427782604,0,0,0,1
2023-04-10,170600,0,15,4,2,303950.0,80450.0,56100.0,136800.0,168722.85714285713,99611.99638502148,110168.66666666667,73245.40704599391,0,0,0,1
2023-04-11,208000,1,15,4,2,170600.0,157250.0,61550.0,139080.0,181601.42857142858,91820.22479253898,111295.33333333333,73925.97339899224,0,0,0,1
2023-04-12,187450,2,15,4,2,208000.0,149050.0,96100.0,107000.0,188851.42857142858,91580.27178902883,113592.66666666667,75864.6502085416,0,0,0,1
2023-04-13,185100,3,15,4,2,187450.0,168150.0,53020.0,97200.0,194337.14285714287,89934.08321548362,116274.33333333333,77036.40244238025,0,0,0,1
2023-04-14,94500,4,15,4,2,185100.0,33000.0,40250.0,130850.0,196758.57142857142,89337.70302035076,119204.33333333333,77952.06461105721,0,0,0,1
2023-04-15,210500,5,15,4,2,94500.0,289210.0,167750.0,91650.0,205544.2857142857,71864.42718924365,117992.66666666667,78047.2547810016,0,0,0,1
2023-04-16,167550,6,15,4,2,210500.0,303950.0,238950.0,11300.0,194300.0,62084.00894486982,121954.33333333333,79663.66193126483,0,0,0,1
2023-04-17,109700,0,16,4,2,167550.0,170600.0,80450.0,124500.0,174814.2857142857,39074.99961916961,127162.66666666667,77250.92415174625,0,0,0,1
2023-04-18,161300,1,16,4,2,109700.0,208000.0,157250.0,122000.0,166114.2857142857,46284.29102015182,126669.33333333333,77315.74465756651,0,0,0,1
2023-04-19,220150,2,16,4,2,161300.0,187450.0,149050.0,86450.0,159442.85714285713,42447.265602661246,127979.33333333333,77566.4351927156,0,0,0,1
2023-04-20,185900,3,16,4,2,220150.0,185100.0,168150.0,73950.0,164114.2857142857,47537.39505454037,132436.0,78927.04927707743,0,0,0,1
2023-04-21,123100,4,16,4,2,185900.0,94500.0,33000.0,135200.0,164228.57142857142,47597.180038517596,136167.66666666666,78712.68598991606,0,0,0,1
2023-04-22,7850,5,16,4,2,123100.0,210500.0,289210.0,55300.0,168314.2857142857,41443.905003085456,135764.33333333334,78748.80805593115,0,0,0,1
2023-04-24,36250,0,17,4,2,7850.0,167550.0,303950.0,7000.0,139364.2857142857,68808.93664274123,134182.66666666666,80868.64316789353,0,0,0,1
2023-04-25,42550,1,17,4,2,36250.0,109700.0,170600.0,18600.0,120607.14285714286,77226.21224132953,135157.66666666666,79446.19600638573,0,0,0,1
2023-04-26,46100,2,17,4,2,42550.0,161300.0,208000.0,73400.0,111014.28571428571,82777.9344304474,135956.0,78347.28477569685,0,0,0,1
2023-04-27,43400,3,17,4,2,46100.0,220150.0,187450.0,56100.0,94557.14285714286,82565.59729780244,135046.0,79252.24211339388,0,0,0,1
2023-04-28,6650,4,17,4,2,43400.0,185900.0,185100.0,61550.0,69307.14285714286,62293.68232126662,134622.66666666666,79721.01366785225,0,0,0,1
2023-04-29,38805,5,17,4,2,6650.0,123100.0,94500.0,96100.0,43700.0,38783.501646963676,132792.66666666666,82052.27147808064,0,0,0,1
2023-04-30,49150,6,17,4,2,38805.0,7850.0,210500.0,53020.0,31657.85714285714,16977.772688907902,130882.83333333333,83588.19174652616,0,0,0,1
2023-05-01,31000,0,18,5,2,49150.0,36250.0,167550.0,40250.0,37557.857142857145,14288.454505050313,130753.83333333333,83715.38897465724,1,0,0,0
2023-05-02,52400,1,18,5,2,31000.0,42550.0,109700.0,167750.0,36807.857142857145,14504.695175800583,130445.5,84076.47494117772,0,0,0,0
2023-05-03,32250,2,18,5,2,52400.0,46100.0,161300.0,238950.0,38215.0,15591.661500089354,126600.5,84944.7506278295,0,0,0,0
2023-05-04,43750,3,18,5,2,32250.0,43400.0,220150.0,80450.0,36236.42857142857,15300.349863725882,119710.5,83894.05322262533,0,0,0,0
2023-05-05,2700,4,18,5,2,43750.0,6650.0,185900.0,157250.0,36286.42857142857,15328.207851944615,118487.16666666667,84749.50252812325,0,0,0,0
2023-05-06,48000,5,18,5,2,2700.0,38805.0,123100.0,149050.0,35722.142857142855,16619.391750087994,113335.5,86979.93978350055,0,0,0,0
2023-05-07,25500,6,18,5,2,48000.0,49150.0,7850.0,168150.0,37035.71428571428,17254.895785586887,109967.16666666667,87504.21069359574,0,0,0,0
2023-05-08,29350,0,19,5,2,25500.0,31000.0,36250.0,33000.0,33657.142857142855,16796.835728083628,105212.16666666667,88107.25814247689,0,0,0,0
2023-05-09,29100,1,19,5,2,29350.0,52400.0,42550.0,289210.0,33421.42857142857,16851.82623987928,105090.5,88212.87075093231,0,0,0,0
2023-05-10,21050,2,19,5,2,29100.0,32250.0,46100.0,303950.0,30092.85714285714,14633.506886920874,96420.16666666667,82060.350336719,0,0,0,0
2023-05-11,32100,3,19,5,2,21050.0,43750.0,43400.0,170600.0,28492.85714285714,14966.836354962517,86990.16666666667,73161.94015360875,0,0,0,0
2023-05-12,14350,4,19,5,2,32100.0,2700.0,6650.0,208000.0,26828.571428571428,13570.060708010307,82373.5,72065.66281631753,0,0,0,0
2023-05-13,31900,5,19,5,2,14350.0,48000.0,38805.0,187450.0,28492.85714285714,10480.276259537613,75918.5,69034.0998341674,0,0,0,0
2023-05-14,45300,6,19,5,2,31900.0,25500.0,49150.0,185100.0,26192.85714285714,6494.448178474815,70733.5,66149.60248466583,0,0,0,0
2023-05-15,41000,0,20,5,2,45300.0,29350.0,31000.0,94500.0,29021.428571428572,9675.263008608676,66073.5,62646.525059118445,0,0,0,0
2023-05-16,10700,1,20,5,2,41000.0,29100.0,52400.0,210500.0,30685.714285714286,10689.976390906202,64290.166666666664,62570.851461023514,0,0,0,0
2023-05-17,12350,2,20,5,2,10700.0,21050.0,32250.0,167550.0,28057.14285714286,13128.862243528993,57630.166666666664,56842.842852833724,0,0,0,0
2023-05-18,66650,3,20,5,2,12350.0,32100.0,43750.0,109700.0,26814.285714285714,14265.363480757607,52456.833333333336,53455.484904269375,0,0,0,0
2023-05-19,2850,4,20,5,2,66650.0,14350.0,2700.0,161300.0,31750.0,20854.336079898825,51021.833333333336,52433.888168049634,0,0,0,0
2023-05-20,35700,5,20,5,2,2850.0,31900.0,48000.0,220150.0,30107.14285714286,22814.385603741935,45740.166666666664,48796.706228641735,0,0,0,0
2023-05-21,53750,6,20,5,2,35700.0,45300.0,25500.0,185900.0,30650.0,22909.168470287976,39591.833333333336,36007.84996988875,0,0,0,0
2023-05-22,26750,0,21,5,2,53750.0,41000.0,29350.0,123100.0,31857.14285714286,24006.13512853663,35186.833333333336,23350.881120617043,0,0,0,0
2023-05-23,32500,1,21,5,2,26750.0,10700.0,29100.0,7850.0,29821.428571428572,23703.900121128125,31975.166666666668,16448.097074891404,0,0,0,0
2023-05-24,62200,2,21,5,2,32500.0,12350.0,21050.0,36250.0,32935.71428571428,22154.395995034447,32796.833333333336,15804.467640039358,0,0,0,0
2023-05-25,26900,3,21,5,2,62200.0,66650.0,32100.0,42550.0,40057.142857142855,22444.47646548163,33661.833333333336,16685.56037330656,0,0,0,0
2023-05-26,1900,4,21,5,2,26900.0,2850.0,14350.0,46100.0,34378.57142857143,19419.63905309306,33140.166666666664,16642.683619978674,0,0,0,0
2023-05-27,49800,5,21,5,2,1900.0,35700.0,31900.0,43400.0,34242.857142857145,19678.296601659742,31666.833333333332,17395.26097193149,0,0,0,0
2023-05-28,43750,6,21,5,2,49800.0,53750.0,45300.0,6650.0,36257.142857142855,20554.448597393533,31880.166666666668,17582.355207037264,0,0,0,0
2023-05-29,19150,0,22,5,2,43750.0,26750.0,41000.0,38805.0,34828.57142857143,19454.08819809049,33116.833333333336,17043.037332675838,0,0,0,0
2023-05-30,29900,1,22,5,2,19150.0,32500.0,10700.0,49150.0,33742.857142857145,20178.669194875733,32461.666666666668,17193.9528430146,0,0,0,0
2023-05-31,48250,2,22,5,2,29900.0,62200.0,12350.0,31000.0,33371.42857142857,20229.22508696475,31820.0,16906.474988941893,0,0,0,0
2023-06-01,47800,3,22,6,2,48250.0,26900.0,66650.0,52400.0,31378.571428571428,17406.006078910934,32395.0,17168.929183566997,0,0,0,0
2023-06-02,10400,4,22,6,2,47800.0,1900.0,2850.0,32250.0,34364.28571428572,18280.310771559605,32241.666666666668,17003.85394110901,0,0,0,0
2023-06-03,95350,5,22,6,2,10400.0,49800.0,35700.0,43750.0,35578.57142857143,15890.53327044387,31513.333333333332,17465.181782982883,0,0,0,0
2023-06-04,125900,6,22,6,2,95350.0,43750.0,53750.0,2700.0,42085.71428571428,27655.706377493414,33233.333333333336,20912.441987607548,0,0,0,0
2023-06-05,77200,0,23,6,2,125900.0,19150.0,26750.0,48000.0,53821.42857142857,42124.82301785667,37340.0,26150.401856211953,0,0,0,0
2023-06-06,79600,1,23,6,2,77200.0,29900.0,32500.0,25500.0,62114.28571428572,39812.17060864001,38313.333333333336,27087.485764785655,0,0,0,0
2023-06-07,59300,2,23,6,2,79600.0,48250.0,62200.0,29350.0,69214.28571428571,37472.59792485871,40116.666666666664,27990.806167115872,0,0,0,0
2023-06-08,51600,3,23,6,2,59300.0,47800.0,26900.0,29100.0,70792.85714285714,36666.33820199239,41115.0,28127.327949632923,0,0,0,0
2023-06-09,14900,4,23,6,2,51600.0,10400.0,1900.0,21050.0,71335.71428571429,36295.439501009736,41865.0,28095.86467914736,0,0,0,0
2023-06-10,107100,5,23,6,2,14900.0,95350.0,49800.0,32100.0,71978.57142857143,35054.93138326965,41660.0,28274.843821026545,0,0,0,0
2023-06-11,130830,6,23,6,2,107100.0,125900.0,43750.0,14350.0,73657.14285714286,36607.506386116394,44160.0,30618.924168581987,0,0,0,0
2023-06-12,102495,0,24,6,2,130830.0,77200.0,19150.0,31900.0,74361.42857142857,37807.857397006905,48042.666666666664,33916.142421885255,0,0,0,0
2023-06-13,92100,1,24,6,2,102495.0,79600.0,29900.0,45300.0,77975.0,39303.603630371625,50395.833333333336,35182.8651007191,0,0,0,0
2023-06-14,92850,2,24,6,2,92100.0,59300.0,48250.0,41000.0,79760.71428571429,39671.97398968349,51955.833333333336,35977.69802691784,0,0,0,0
2023-06-15,78950,3,24,6,2,92850.0,51600.0,47800.0,10700.0,84553.57142857143,38805.24306438166,53684.166666666664,36671.955085580674,0,0,0,0
2023-06-16,23000,4,24,6,2,78950.0,14900.0,10400.0,12350.0,88460.71428571429,36225.41263033619,55959.166666666664,36024.700053390836,0,0,0,0
2023-06-17,131445,5,24,6,2,23000.0,107100.0,95350.0,66650.0,89617.85714285714,33511.78074662027,56314.166666666664,35630.458640077806,0,0,0,0
2023-06-18,135545,6,24,6,2,131445.0,130830.0,125900.0,2850.0,93095.71428571429,36736.56856918077,58474.0,38153.15062237704,0,0,0,0
2023-06-19,122750,0,25,6,2,135545.0,102495.0,77200.0,35700.0,93769.28571428571,37577.347944891655,62897.166666666664,39160.67773275257,0,0,0,0
2023-06-20,90800,1,25,6,2,122750.0,92100.0,79600.0,53750.0,96662.85714285714,39109.8386872521,65798.83333333333,40284.8852609574,0,0,0,0
2023-06-21,144950,2,25,6,2,90800.0,92850.0,59300.0,26750.0,96477.14285714286,39138.192968116804,67033.83333333333,40470.25925215675,0,0,0,0
2023-06-22,106300,3,25,6,2,144950.0,78950.0,51600.0,32500.0,103920.0,43088.04503571753,70973.83333333333,42132.73296838285,0,0,0,0
2023-06-23,59950,4,25,6,2,106300.0,23000.0,14900.0,62200.0,107827.14285714286,41662.894948337555,73433.83333333333,41963.03900526592,0,0,0,0
2023-06-24,241350,5,25,6,2,59950.0,131445.0,107100.0,26900.0,113105.71428571429,29766.632105510038,73358.83333333333,41985.813956525264,0,0,0,0
2023-06-25,213450,6,25,6,2,241350.0,135545.0,130830.0,1900.0,128806.42857142857,57301.82477564796,80507.16666666667,51075.02846022352,0,0,0,0
2023-06-26,162100,0,26,6,2,213450.0,122750.0,102495.0,49800.0,139935.7142857143,65768.6520710141,87558.83333333333,54346.914905989375,0,0,0,0
2023-06-27,280900,1,26,6,2,162100.0,90800.0,92100.0,43750.0,145557.14285714287,65736.5919698423,91302.16666666667,55511.510870351885,0,0,0,0
2023-06-28,278800,2,26,6,2,280900.0,144950.0,92850.0,19150.0,172714.2857142857,77550.59485203687,99207.16666666667,64641.12239609117,0,0,0,0
2023-06-29,10450,3,26,6,2,278800.0,106300.0,78950.0,29900.0,191835.7142857143,85643.14388926935,107862.16666666667,70655.29033909847,0,0,0,0
2023-07-01,15200,5,26,7,3,10450.0,59950.0,23000.0,48250.0,178142.85714285713,106677.4321204327,107213.83333333333,71479.76618310917,0,0,0,0
2023-07-02,25700,6,26,7,3,15200.0,241350.0,131445.0,47800.0,171750.0,115884.41799195152,106112.16666666667,72664.73651099717,0,0,0,0
2023-07-03,33050,0,27,7,3,25700.0,213450.0,135545.0,10400.0,140942.85714285713,122758.61961783459,105375.5,73384.73990281257,0,0,0,0
2023-07-04,34050,1,27,7,3,33050.0,162100.0,122750.0,95350.0,115171.42857142857,123930.4168244654,106130.5,72484.91235815194,0,0,0,0
2023-07-05,48650,2,27,7,3,34050.0,280900.0,90800.0,125900.0,96878.57142857143,125291.98184355511,104087.16666666667,73653.88208374185,0,0,0,0
2023-07-06,41250,3,27,7,3,48650.0,278800.0,144950.0,77200.0,63700.0,95694.71423925865,101512.16666666667,74213.22891510482,0,0,0,0
2023-07-08,17650,5,27,7,3,41250.0,10450.0,106300.0,79600.0,29764.285714285714,13659.145723829544,100313.83333333333,74906.34709863324,0,0,0,0
2023-07-09,48780,6,27,7,3,17650.0,15200.0,59950.0,59300.0,30792.85714285714,12150.048990692967,98248.83333333333,76337.31494428069,0,0,0,0
2023-07-10,47650,0,28,7,3,48780.0,25700.0,241350.0,51600.0,35590.0,11583.423500850133,97898.16666666667,76546.27826583455,0,0,0,0
2023-07-11,28800,1,28,7,3,47650.0,33050.0,213450.0,14900.0,38725.71428571428,11429.907927806828,97766.5,76632.01066707901,0,0,0,0
2023-07-12,39250,2,28,7,3,28800.0,34050.0,162100.0,107100.0,38118.57142857143,11885.442676614697,98229.83333333333,76154.23724805687,0,0,0,0
2023-07-13,36400,3,28,7,3,39250.0,48650.0,280900.0,130830.0,38861.42857142857,11750.50697994603,95968.16666666667,76885.73126089775,0,0,0,0
2023-07-14,8650,4,28,7,3,36400.0,41250.0,278800.0,102495.0,37111.42857142857,10933.522501269248,92820.5,77340.90218379567,0,0,0,0
2023-07-15,32300,5,28,7,3,8650.0,17650.0,10450.0,92100.0,32454.285714285714,15046.338266772533,89692.33333333333,78819.81933644536,0,0,0,0
2023-07-16,40600,6,28,7,3,32300.0,48780.0,15200.0,92850.0,34547.142857142855,13592.585864221643,87699.0,79509.97235654111,0,0,0,0
2023-07-17,33400,0,29,7,3,40600.0,47650.0,25700.0,78950.0,33378.57142857143,12470.3266845378,85957.33333333333,79964.2196573086,0,0,0,0
2023-07-18,17450,1,29,7,3,33400.0,28800.0,33050.0,23000.0,31342.85714285714,10804.105260327626,84439.0,80532.28669725984,0,0,0,0
2023-07-19,23100,2,29,7,3,17450.0,39250.0,34050.0,131445.0,29721.428571428572,12031.308364115272,84254.0,80684.5230362441,0,0,0,0
2023-07-20,60370,3,29,7,3,23100.0,36400.0,48650.0,135545.0,27414.285714285714,11433.16499945714,80642.5,80923.82726079188,0,0,0,0
2023-07-21,17350,4,29,7,3,60370.0,8650.0,41250.0,122750.0,30838.571428571428,16869.891748884947,78136.66666666667,80326.83720097937,0,0,0,0
2023-07-22,34000,5,29,7,3,17350.0,32300.0,17650.0,90800.0,32081.428571428572,15200.633132178937,74623.33333333333,80612.73675069454,0,0,0,0
2023-07-23,49050,6,29,7,3,34000.0,40600.0,48780.0,144950.0,32324.285714285714,15218.277231829174,72730.0,80886.25811424419,0,0,0,0
2023-07-24,24650,0,30,7,3,49050.0,33400.0,47650.0,106300.0,33531.42857142857,16282.083638745242,69533.33333333333,79821.66965884912,0,0,0,0
2023-07-25,30050,1,30,7,3,24650.0,17450.0,28800.0,59950.0,32281.428571428572,16626.09638346985,66811.66666666667,79916.76083678364,0,0,0,0
2023-07-26,38100,2,30,7,3,30050.0,23100.0,39250.0,241350.0,34081.42857142857,15388.797254900353,65815.0,80191.26028353753,0,0,0,0
2023-07-27,23650,3,30,7,3,38100.0,60370.0,36400.0,213450.0,36224.28571428572,14630.474880814438,59040.0,73124.1445101741,0,0,0,0
2023-07-28,1400,4,30,7,3,23650.0,17350.0,8650.0,162100.0,30978.571428571428,10541.815828045459,52713.333333333336,67281.2617933533,0,0,0,0
2023-07-30,57850,6,30,7,3,1400.0,34000.0,32300.0,280900.0,28700.0,14830.09327909694,47356.666666666664,64616.39496947016,0,0,0,0
2023-07-31,41790,0,31,7,3,57850.0,49050.0,40600.0,278800.0,32107.14285714286,18529.085887047215,39921.666666666664,47340.41111685275,0,0,0,0
2023-08-01,19890,1,31,8,3,41790.0,24650.0,33400.0,10450.0,31070.0,17602.69770991695,32021.333333333332,14456.230904146967,0,0,0,0
2023-08-02,32580,2,31,8,3,19890.0,30050.0,17450.0,15200.0,30390.0,17979.937893850347,32336.0,14068.026992022254,0,0,0,0
2023-08-03,63370,3,31,8,3,32580.0,38100.0,23100.0,25700.0,30751.428571428572,17997.38446605774,32915.333333333336,13690.822935224498,0,0,0,0
2023-08-04,11450,4,31,8,3,63370.0,23650.0,60370.0,33050.0,34361.42857142857,21841.01678690262,34171.0,14696.756702966752,0,0,0,0
2023-08-05,82150,5,31,8,3,11450.0,1400.0,17350.0,34050.0,32618.571428571428,23277.729291157873,33451.0,15271.429567479066,0,0,0,0
2023-08-06,35500,6,31,8,3,82150.0,57850.0,34000.0,48650.0,44154.28571428572,25160.71796613668,35054.333333333336,17672.68858872397,0,0,0,0
2023-08-07,40390,0,32,8,3,35500.0,41790.0,49050.0,41250.0,40961.42857142857,24543.61453180358,34616.0,17485.941269172698,0,0,0,0
2023-08-08,37970,1,32,8,3,40390.0,19890.0,24650.0,17650.0,40761.42857142857,24541.441433198117,34587.333333333336,17475.392143660294,0,0,0,0
2023-08-09,50780,2,32,8,3,37970.0,32580.0,30050.0,48780.0,43344.28571428572,22873.46195714166,35264.666666666664,17187.702446874344,0,0,0,0
2023-08-10,41050,3,32,8,3,50780.0,63370.0,38100.0,47650.0,45944.28571428572,22476.919908463275,35331.333333333336,17245.713457078826,0,0,0,0
2023-08-11,3810,4,32,8,3,41050.0,11450.0,23650.0,28800.0,42755.71428571428,21136.071739362393,35111.333333333336,17124.82161665605,0,0,0,0
2023-08-12,90070,5,32,8,3,3810.0,82150.0,1400.0,39250.0,41664.28571428572,23125.6840310683,34278.333333333336,18026.465043208398,0,0,0,0
2023-08-13,104200,6,32,8,3,90070.0,35500.0,57850.0,36400.0,42795.71428571428,25507.654966790007,35972.333333333336,20699.453046802304,0,0,0,0
2023-08-14,16490,0,33,8,3,104200.0,40390.0,41790.0,8650.0,52610.0,34026.60772591613,38232.333333333336,24159.7820102252,1,0,0,0
2023-08-15,29570,1,33,8,3,16490.0,37970.0,19890.0,32300.0,49195.71428571428,36561.78508458622,38493.666666666664,23869.416802798914,0,0,0,0
2023-08-16,41810,2,33,8,3,29570.0,50780.0,32580.0,40600.0,47995.71428571428,37125.14146197253,38402.666666666664,23899.029403655153,0,0,0,0
2023-08-17,28960,3,33,8,3,41810.0,41050.0,63370.0,33400.0,46714.28571428572,37167.80231021834,38443.0,23903.886157867048,0,0,0,0
2023-08-18,6610,4,33,8,3,28960.0,3810.0,11450.0,17450.0,44987.142857142855,37751.20868452958,38295.0,23949.887156886107,0,0,0,0
2023-08-19,48020,5,33,8,3,6610.0,90070.0,82150.0,23100.0,45387.142857142855,37253.74822944533,37933.666666666664,24353.590754623227,0,0,0,0
2023-08-20,64840,6,33,8,3,48020.0,104200.0,35500.0,60370.0,39380.0,31845.524018298802,38764.333333333336,24254.98195299724,0,0,0,0
2023-08-21,25250,0,34,8,3,64840.0,16490.0,40390.0,17350.0,33757.142857142855,19621.790365379624,38913.333333333336,24405.54619461452,0,0,0,0
2023-08-22,27720,1,34,8,3,25250.0,29570.0,37970.0,34000.0,35008.57142857143,18589.166583947797,39176.666666666664,24206.666840773883,0,0,0,0
2023-08-23,9250,2,34,8,3,27720.0,41810.0,50780.0,49050.0,34744.28571428572,18692.239795473302,38967.333333333336,24280.019873498113,0,0,0,0
2023-08-24,11850,3,34,8,3,9250.0,28960.0,41050.0,24650.0,30092.85714285714,20595.237082302287,37640.666666666664,24792.045433598272,0,0,0,0
2023-08-26,37130,5,34,8,3,11850.0,6610.0,3810.0,30050.0,27648.571428571428,21735.836329721253,37214.0,25131.145479333805,0,0,0,0
2023-08-27,37940,6,34,8,3,37130.0,48020.0,90070.0,38100.0,32008.571428571428,19785.888429697286,37450.0,25094.767279805124,0,0,0,0
2023-08-28,31720,0,35,8,3,37940.0,64840.0,104200.0,23650.0,30568.571428571428,18766.943836235816,37444.666666666664,25094.641375144576,0,0,0,0
2023-08-29,14950,1,35,8,3,31720.0,25250.0,16490.0,1400.0,25837.14285714286,11425.695769167576,37713.666666666664,24984.68351270187,0,0,0,0
2023-08-30,25400,2,35,8,3,14950.0,27720.0,29570.0,57850.0,24365.714285714286,12153.933323749383,38165.333333333336,24421.711614072246,0,0,0,0
2023-08-31,24490,3,35,8,3,25400.0,9250.0,41810.0,41790.0,24034.285714285714,12078.618653284786,37083.666666666664,24237.721738180404,0,0,0,0
2023-09-02,31270,5,35,9,3,24490.0,11850.0,28960.0,19890.0,26211.428571428572,10196.495196182077,36507.0,24327.52239464719,0,0,0,0
2023-09-03,59670,6,35,9,3,31270.0,37130.0,6610.0,32580.0,28985.714285714286,8054.73950984621,36886.333333333336,24147.539816623015,0,0,0,0
2023-09-04,33700,0,36,9,3,59670.0,37940.0,48020.0,63370.0,32205.714285714286,14094.2669871409,37789.333333333336,24485.108343127755,0,0,0,0
2023-09-05,21740,1,36,9,3,33700.0,31720.0,64840.0,11450.0,31600.0,13896.479170400733,36800.333333333336,24010.84804880869,0,0,0,0
2023-09-06,54880,2,36,9,3,21740.0,14950.0,25250.0,82150.0,30174.285714285714,14385.463562388612,37143.333333333336,23707.810924894908,1,0,0,0
2023-09-07,90895,3,36,9,3,54880.0,25400.0,27720.0,35500.0,35878.57142857143,15234.121163332475,36234.333333333336,22409.934324686743,0,0,0,0
2023-09-08,10400,4,36,9,3,90895.0,24490.0,9250.0,40390.0,45235.0,24821.62481251735,38080.833333333336,24529.301200504047,0,0,0,0
2023-09-09,35920,5,36,9,3,10400.0,31270.0,11850.0,37970.0,43222.142857142855,27237.9618451204,37081.166666666664,25037.78398820913,0,0,0,0
2023-09-10,56820,6,36,9,3,35920.0,59670.0,37130.0,50780.0,43886.42857142857,26953.10135437278,37012.833333333336,25038.07196510699,0,0,0,0
2023-09-11,31655,0,37,9,3,56820.0,33700.0,37940.0,41050.0,43479.28571428572,26695.236221183848,37214.166666666664,25176.493760543864,0,0,0,0
2023-09-12,35150,1,37,9,3,31655.0,21740.0,31720.0,3810.0,43187.142857142855,26830.938897901084,36901.0,25185.564981716558,0,0,0,0
2023-09-13,51290,2,37,9,3,35150.0,54880.0,14950.0,90070.0,45102.857142857145,25489.611259156165,37945.666666666664,24403.490201669512,0,0,0,0
2023-09-14,18810,3,37,9,3,51290.0,90895.0,25400.0,104200.0,44590.0,25295.482963038623,36653.0,22500.09592316698,0,0,0,0
2023-09-15,1500,4,37,9,3,18810.0,10400.0,24490.0,16490.0,34292.142857142855,16417.99364953701,33806.666666666664,18748.887062755086,0,0,0,0
2023-09-16,68850,5,37,9,3,1500.0,35920.0,31270.0,29570.0,33020.71428571428,18754.899455115083,33307.0,19414.237559069657,0,0,0,0
2023-09-17,52900,6,37,9,3,68850.0,56820.0,59670.0,41810.0,37725.0,23205.233784645352,34616.333333333336,20450.42369231976,0,0,0,0
2023-09-18,50330,0,38,9,3,52900.0,31655.0,33700.0,28960.0,37165.0,22709.62956545188,34986.0,20683.842661395647,0,0,0,0
2023-09-19,48180,1,38,9,3,50330.0,35150.0,21740.0,6610.0,39832.857142857145,23048.85587492148,35698.333333333336,20836.574414555875,0,0,0,0
2023-09-20,41900,2,38,9,3,48180.0,51290.0,54880.0,48020.0,41694.28571428572,23133.63270013611,37084.0,20208.21006764138,0,0,0,0
2023-09-21,93560,3,38,9,3,41900.0,18810.0,90895.0,64840.0,40352.857142857145,22753.60170338392,36880.0,20124.723300732006,0,0,0,0
2023-09-22,13050,4,38,9,3,93560.0,1500.0,10400.0,25250.0,51031.42857142857,27913.677906821165,37837.333333333336,22087.987323950092,0,0,0,0
2023-09-23,79100,5,38,9,3,13050.0,68850.0,35920.0,27720.0,52681.42857142857,24648.223349478063,37430.666666666664,22437.27343496517,0,0,0,0
2023-09-24,91150,6,38,9,3,79100.0,52900.0,56820.0,9250.0,54145.71428571428,26034.332369100666,39143.333333333336,23601.245888114805,0,0,0,0
2023-09-25,32850,0,39,9,3,91150.0,50330.0,31655.0,11850.0,59610.0,29511.22724207471,41873.333333333336,24733.782856000984,0,0,0,0
2023-09-26,75400,1,39,9,3,32850.0,48180.0,35150.0,37130.0,57112.857142857145,31122.886388362134,42573.333333333336,24144.936226925325,0,0,0,0
2023-09-27,73400,2,39,9,3,75400.0,41900.0,51290.0,37940.0,61001.42857142857,31518.727464039846,43849.0,24848.160148361345,0,0,0,0
2023-09-28,109050,3,39,9,3,73400.0,93560.0,18810.0,31720.0,65501.42857142857,30571.47659097313,45031.0,25394.76759845033,0,0,0,0
2023-09-30,127450,5,39,9,3,109050.0,13050.0,1500.0,14950.0,67714.28571428571,33373.16429765286,47608.666666666664,27807.125790211332,0,0,0,0
2023-10-01,107850,6,39,10,4,127450.0,79100.0,68850.0,25400.0,84057.14285714286,29980.98603798004,51358.666666666664,30687.538803496198,0,0,0,0
2023-10-02,43100,0,40,10,4,107850.0,91150.0,52900.0,24490.0,88164.28571428571,31135.73394945842,54107.0,31948.689671473716,0,0,0,0
2023-10-03,102740,1,40,10,4,43100.0,32850.0,50330.0,31270.0,81300.0,35375.72142962879,54727.333333333336,31531.750466335638,0,0,0,0
2023-10-04,121400,2,40,10,4,102740.0,75400.0,48180.0,59670.0,91284.28571428571,28644.718452764082,57109.666666666664,32386.667992835486,0,0,0,0
2023-10-05,89900,3,40,10,4,121400.0,73400.0,41900.0,33700.0,97855.71428571429,29652.092032515808,59167.333333333336,34450.19570369641,0,0,0,0
2023-10-07,139900,5,40,10,4,89900.0,109050.0,93560.0,21740.0,100212.85714285714,27993.445491332706,61040.666666666664,34545.469255633914,0,0,0,0
2023-10-08,148700,6,40,10,4,139900.0,127450.0,13050.0,54880.0,104620.0,31787.86927954368,64979.333333333336,36585.82405733151,0,0,0,0
2023-10-09,53750,0,41,10,4,148700.0,107850.0,79100.0,90895.0,107655.71428571429,35166.604355621035,68106.66666666667,39580.080420483595,0,0,0,0
2023-10-10,77600,1,41,10,4,53750.0,43100.0,91150.0,10400.0,99927.14285714286,40636.21730849073,66868.5,39423.30584010001,0,0,0,0
2023-10-11,141750,2,41,10,4,77600.0,102740.0,32850.0,35920.0,104855.71428571429,34173.46527016907,69108.5,37987.13931986576,0,0,0,0
2023-10-12,116000,3,41,10,4,141750.0,121400.0,75400.0,56820.0,110428.57142857143,36847.13757700955,72636.16666666667,39675.24976961839,0,0,0,0
2023-10-14,193850,5,41,10,4,116000.0,89900.0,73400.0,31655.0,109657.14285714286,36635.07459356691,74608.83333333333,40327.60942843798,0,0,0,0
2023-10-15,165900,6,41,10,4,193850.0,139900.0,109050.0,35150.0,124507.14285714286,46916.96058437937,80015.33333333333,44974.96742314152,0,0,0,0
2023-10-16,102850,0,42,10,4,165900.0,148700.0,127450.0,51290.0,128221.42857142857,49306.97091641705,84373.66666666667,46776.47098505925,0,0,0,0
2023-10-17,167100,1,42,10,4,102850.0,53750.0,107850.0,18810.0,121671.42857142857,49178.39004704267,86092.33333333333,46465.16690755694,0,0,0,0
2023-10-18,188950,2,42,10,4,167100.0,77600.0,43100.0,1500.0,137864.2857142857,41081.33917694798,91035.33333333333,46945.92360353031,0,0,0,0
2023-10-19,145400,3,42,10,4,188950.0,141750.0,102740.0,68850.0,153771.42857142858,34958.93849864993,97283.66666666667,47092.399451418416,0,0,0,0
2023-10-21,274250,5,42,10,4,145400.0,116000.0,121400.0,52900.0,154292.85714285713,34776.493840085874,99835.33333333333,47570.095846556535,0,0,0,0
2023-10-22,170950,6,42,10,4,274250.0,193850.0,89900.0,50330.0,176900.0,52602.629845537835,107213.66666666667,56388.08351020652,0,0,0,0
2023-10-23,61400,0,43,10,4,170950.0,165900.0,139900.0,48180.0,173628.57142857142,52082.31351382523,111234.33333333333,56492.43426203704,0,0,0,0
2023-10-24,113150,1,43,10,4,61400.0,102850.0,148700.0,41900.0,158700.0,67392.98924962453,111675.0,56033.31673640925,0,0,0,0
2023-10-25,81550,2,43,10,4,113150.0,167100.0,53750.0,93560.0,160171.42857142858,66069.8043558406,114050.0,54461.83453290623,0,0,0,0
2023-10-26,77650,3,43,10,4,81550.0,188950.0,77600.0,13050.0,147950.0,72202.37184469779,113649.66666666667,54661.41963429769,0,0,0,0
2023-10-28,223900,5,43,10,4,77650.0,145400.0,141750.0,79100.0,132050.0,73903.67040952711,115803.0,51757.0021349769,0,0,0,0
2023-10-29,153400,6,43,10,4,223900.0,274250.0,116000.0,91150.0,143264.2857142857,81800.97144026737,120629.66666666667,54874.08178374558,0,0,0,0
2023-10-30,129000,0,44,10,4,153400.0,170950.0,193850.0,32850.0,126000.0,59171.33314931042,122704.66666666667,54897.853719325954,0,0,0,0
2023-10-31,132050,1,44,10,4,129000.0,61400.0,165900.0,75400.0,120007.14285714286,55893.614934768775,125909.66666666667,52212.12215458267,0,0,0,0
2023-11-01,206700,2,44,11,4,132050.0,113150.0,102850.0,73400.0,130100.0,49567.714626895475,127798.0,51339.49493995496,0,0,1,0
2023-11-02,119050,3,44,11,4,206700.0,81550.0,167100.0,109050.0,143464.2857142857,56379.3380761496,132241.33333333334,52229.81555245705,0,0,1,0
2023-11-04,175150,5,44,11,4,119050.0,77650.0,188950.0,127450.0,148821.42857142858,51045.01981211347,132574.66666666666,52108.47285220045,0,0,1,0
2023-11-05,192550,6,44,11,4,175150.0,223900.0,145400.0,107850.0,162750.0,40627.06405012968,134164.66666666666,52671.411190337545,0,0,1,0
2023-11-06,108100,0,45,11,4,192550.0,153400.0,274250.0,43100.0,158271.42857142858,33940.3012305291,136988.0,53476.16235940703,0,0,1,0
2023-11-07,144150,1,45,11,4,108100.0,129000.0,170950.0,102740.0,151800.0,38969.9670686715,139154.66666666666,50790.314358583026,0,0,1,0
2023-11-08,188550,2,45,11,4,144150.0,132050.0,61400.0,121400.0,153964.2857142857,37898.64459192136,140535.0,50327.133543344804,0,0,1,0
2023-11-09,226300,3,45,11,4,188550.0,206700.0,113150.0,89900.0,162035.7142857143,38465.880057154995,142773.33333333334,50936.32897250655,1,0,1,0
2023-11-11,263540,5,45,11,4,226300.0,119050.0,81550.0,139900.0,164835.7142857143,42735.355330663864,147320.0,52127.737007444026,0,0,1,0
2023-11-12,224885,6,45,11,4,263540.0,175150.0,77650.0,148700.0,185477.14285714287,51025.4641377831,151441.33333333334,56245.82692464207,0,0,1,0
2023-11-13,112900,0,46,11,4,224885.0,192550.0,223900.0,53750.0,192582.14285714287,52780.283712855504,153980.83333333334,57815.75486395136,0,0,1,0
2023-11-14,123600,1,46,11,4,112900.0,108100.0,153400.0,77600.0,181203.57142857142,60769.358692949696,155952.5,55230.54334817369,0,0,1,0
2023-11-15,99200,2,46,11,4,123600.0,144150.0,129000.0,141750.0,183417.85714285713,57875.1639203685,157485.83333333334,53594.58648169317,0,0,1,0
2023-11-16,142550,3,46,11,4,99200.0,188550.0,132050.0,116000.0,176996.42857142858,65011.854349436784,156067.5,54579.35795780505,0,0,1,0
2023-11-18,171400,5,46,11,4,142550.0,226300.0,206700.0,193850.0,170425.0,65967.20517297467,156952.5,54120.588420196305,0,0,1,0
2023-11-19,186545,6,46,11,4,171400.0,263540.0,119050.0,165900.0,162582.14285714287,61316.65773243187,156204.16666666666,53746.72702277721,0,0,1,0
2023-11-20,93180,0,47,11,4,186545.0,224885.0,175150.0,102850.0,151582.85714285713,44894.75599083039,156892.33333333334,54006.69150324289,0,0,1,0
2023-11-21,159200,1,47,11,4,93180.0,112900.0,192550.0,167100.0,132767.85714285713,35713.897138362554,156570.0,54368.008389188835,0,0,1,0
2023-11-22,100695,2,47,11,4,159200.0,123600.0,108100.0,188950.0,139382.14285714287,35708.49500435723,156306.66666666666,54334.368819905154,0,0,1,0
2023-11-23,137450,3,47,11,4,100695.0,99200.0,144150.0,145400.0,136110.0,38347.6428002211,153364.83333333334,54892.347363810244,0,0,1,0
2023-11-25,165700,5,47,11,4,137450.0,142550.0,188550.0,274250.0,141574.2857142857,34769.93150560949,153099.83333333334,54951.282741818446,0,0,1,0
2023-11-26,163350,6,47,11,4,165700.0,171400.0,226300.0,170950.0,144881.42857142858,35958.8341851122,149481.5,50054.55368981144,0,0,1,0
2023-11-27,102600,0,48,11,4,163350.0,186545.0,263540.0,61400.0,143731.42857142858,35087.56317109707,149228.16666666666,49961.297253445446,0,0,1,0
2023-11-28,166300,1,48,11,4,102600.0,93180.0,224885.0,113150.0,131739.2857142857,32246.277876753153,150601.5,47991.243169439615,0,0,1,0
2023-11-29,100250,2,48,11,4,166300.0,159200.0,112900.0,81550.0,142185.0,29390.38519085247,152373.16666666666,47539.92411979747,0,0,1,0
2023-11-30,89300,3,48,11,4,100250.0,100695.0,123600.0,77650.0,133763.57142857142,32029.56768288323,152996.5,46694.35999594645,0,0,1,0
2023-12-02,194350,5,48,12,4,89300.0,137450.0,99200.0,223900.0,132135.7142857143,34205.965784320615,153384.83333333334,46090.67501401055,0,0,1,0
2023-12-03,179850,6,48,12,4,194350.0,165700.0,142550.0,153400.0,140264.2857142857,41633.61736911783,152399.83333333334,44830.25793697168,0,0,1,0
2023-12-04,94200,0,49,12,4,179850.0,163350.0,171400.0,129000.0,142285.7142857143,43381.25280853595,153281.5,45109.82766518587,0,0,1,0
2023-12-05,136370,1,49,12,4,94200.0,102600.0,186545.0,132050.0,132407.14285714287,45601.58466335947,152121.5,46190.26035846484,0,0,1,0
2023-12-06,110870,2,49,12,4,136370.0,166300.0,93180.0,206700.0,137231.42857142858,43667.96973700971,152265.5,46132.226363185066,0,0,1,0
2023-12-07,100850,3,49,12,4,110870.0,100250.0,159200.0,119050.0,129312.85714285714,42529.139310315346,149071.16666666666,45547.11340040337,0,0,1,0
2023-12-09,216950,5,49,12,4,100850.0,89300.0,100695.0,175150.0,129398.57142857143,42461.353577330374,148464.5,46078.87382165955,0,0,1,0
2023-12-10,218075,6,49,12,4,216950.0,194350.0,137450.0,192550.0,147634.2857142857,49239.834097047606,149857.83333333334,47522.96077874536,0,0,1,0
2023-12-11,84550,0,50,12,4,218075.0,179850.0,165700.0,108100.0,151023.57142857142,53613.57576167056,150708.66666666666,48531.45636369898,0,0,1,0
2023-12-12,70000,1,50,12,4,84550.0,94200.0,163350.0,144150.0,137409.2857142857,57062.57431017967,149923.66666666666,49426.626007707186,0,0,1,0
2023-12-13,104185,2,50,12,4,70000.0,136370.0,102600.0,188550.0,133952.14285714287,60731.82978315029,147452.0,51534.36502588053,0,0,1,0
2023-12-14,122330,3,50,12,4,104185.0,110870.0,166300.0,226300.0,129354.28571428571,61728.41811978863,144639.83333333334,51516.208304520245,0,0,1,0
2023-12-16,206245,5,50,12,4,122330.0,100850.0,100250.0,263540.0,130991.42857142857,61307.00848423232,141174.16666666666,49281.9797464539,0,0,1,0
2023-12-17,137000,6,50,12,4,206245.0,216950.0,89300.0,224885.0,146047.85714285713,65471.39037123672,139264.33333333334,45327.95612463448,0,0,1,0
2023-12-18,160000,0,51,12,4,137000.0,218075.0,194350.0,112900.0,134626.42857142858,57533.50384155073,136334.83333333334,42345.39999614291,0,0,1,0
2023-12-19,120305,1,51,12,4,160000.0,84550.0,179850.0,123600.0,126330.0,46652.90871603495,137904.83333333334,42319.701055005855,0,0,1,0
2023-12-20,166050,2,51,12,4,120305.0,70000.0,94200.0,99200.0,131437.85714285713,43141.36480389647,137795.0,42362.361221677296,0,0,1,0
2023-12-21,120900,3,51,12,4,166050.0,104185.0,136370.0,142550.0,145159.2857142857,34815.01369483343,140023.33333333334,42019.013231970515,0,0,1,0
2023-12-23,197740,5,51,12,4,120900.0,122330.0,110870.0,171400.0,147547.14285714287,31995.361363946697,139301.66666666666,42159.80291236194,0,0,1,0
2023-12-24,110450,6,51,12,4,197740.0,206245.0,100850.0,186545.0,158320.0,34672.89130814835,140179.66666666666,43114.77454849815,0,0,1,0
2023-12-25,126350,0,52,12,4,110450.0,137000.0,216950.0,93180.0,144635.0,31350.260631558984,137643.16666666666,42527.363898361786,0,0,1,0
2023-12-26,62800,1,52,12,4,126350.0,160000.0,218075.0,159200.0,143113.57142857142,32033.51847600248,138748.83333333334,41755.69801470704,0,0,1,0
2023-12-27,88300,2,52,12,4,62800.0,120305.0,84550.0,100695.0,129227.85714285714,42763.50603972438,135535.5,43787.42573305255,0,0,1,0
2023-12-28,58350,3,52,12,4,88300.0,166050.0,70000.0,137450.0,124655.71428571429,45499.89994756162,135122.33333333334,44184.188050457225,0,0,1,0
2023-12-29,22350,4,52,12,4,58350.0,120900.0,104185.0,165700.0,109270.0,47341.60397226417,132485.66666666666,46347.65348993403,0,0,1,0
2023-12-30,73150,5,52,12,4,22350.0,197740.0,122330.0,163350.0,95191.42857142857,56979.16444589567,127707.33333333333,50047.130747845666,0,0,1,0
2023-12-31,57930,6,52,12,4,73150.0,110450.0,206245.0,102600.0,77392.85714285714,34717.531937186664,124700.66666666667,50539.04096447815,0,0,1,0
2024-01-01,57850,0,1,1,1,57930.0,126350.0,137000.0,166300.0,69890.0,31947.40521544836,123211.66666666667,51853.578341148386,0,0,1,0
2024-01-02,72250,1,1,1,1,57850.0,62800.0,160000.0,100250.0,60104.28571428572,20044.65336620945,119596.66666666667,52522.08411268762,0,0,1,0
2024-01-03,42400,2,1,1,1,72250.0,88300.0,120305.0,89300.0,61454.28571428572,20567.86640785794,118663.33333333333,53123.080984947934,0,0,1,0
2024-01-04,50000,3,1,1,1,42400.0,58350.0,166050.0,194350.0,54897.142857142855,17699.450758227606,117100.0,54684.15915115609,0,0,1,0
2024-01-06,99000,5,1,1,1,50000.0,22350.0,120900.0,179850.0,53704.28571428572,17709.332621666726,112288.33333333333,53998.92847489461,0,0,1,0
2024-01-07,49750,6,1,1,1,99000.0,73150.0,197740.0,94200.0,64654.28571428572,18757.29089993601,109593.33333333333,52507.71840362162,0,0,1,0
2024-01-08,46850,0,2,1,1,49750.0,57930.0,110450.0,136370.0,61311.42857142857,19073.338659477267,108111.66666666667,53573.39922034993,0,0,1,0
2024-01-09,54000,1,2,1,1,46850.0,57850.0,126350.0,110870.0,59728.57142857143,19844.874593181765,105127.66666666667,54431.38506941297,0,0,1,0
2024-01-10,47700,2,2,1,1,54000.0,72250.0,62800.0,100850.0,59178.57142857143,19958.64176121323,103232.0,55209.24212984385,0,0,1,0
2024-01-11,38310,3,2,1,1,47700.0,42400.0,88300.0,216950.0,55671.42857142857,19428.841472214626,101460.33333333333,56133.37476006608,0,0,1,0
2024-01-13,36310,5,2,1,1,38310.0,50000.0,58350.0,218075.0,55087.142857142855,19949.00976179662,95505.66666666667,52838.099151597264,0,0,1,0
2024-01-14,61720,6,2,1,1,36310.0,99000.0,22350.0,84550.0,53131.42857142857,21164.854065622923,89446.83333333333,48545.633907932315,0,0,1,0
2024-01-15,40550,0,3,1,1,61720.0,49750.0,73150.0,70000.0,47805.71428571428,8746.440908821114,88685.83333333333,48803.300925021045,0,0,1,0
2024-01-16,38950,1,3,1,1,40550.0,46850.0,57930.0,104185.0,46491.42857142857,9090.059458136275,87704.16666666667,49483.57137829255,0,0,1,0
2024-01-17,50050,2,3,1,1,38950.0,54000.0,57850.0,122330.0,45362.857142857145,9518.43774696928,85529.66666666667,50163.04060748815,0,0,1,0
2024-01-18,38200,3,3,1,1,50050.0,47700.0,72250.0,206245.0,44798.57142857143,9025.372436587892,83120.33333333333,50070.28998857734,0,0,1,0
2024-01-20,27850,5,3,1,1,38200.0,38310.0,42400.0,137000.0,43441.42857142857,9228.344793034194,77518.83333333333,44960.07155173108,0,0,1,0
2024-01-21,57240,6,3,1,1,27850.0,36310.0,50000.0,160000.0,41947.142857142855,10894.22586248935,73880.5,44393.496229740646,0,0,1,0
2024-01-22,27410,0,4,1,1,57240.0,61720.0,99000.0,120305.0,44937.142857142855,11913.705992522362,70455.16666666667,41381.75652684554,0,0,1,0
2024-01-23,30020,1,4,1,1,27410.0,40550.0,49750.0,166050.0,40035.71428571428,10870.34782814413,67358.66666666667,40996.75115246899,0,0,1,0
2024-01-24,35170,2,4,1,1,30020.0,38950.0,46850.0,120900.0,38531.42857142857,11497.80186031767,62824.333333333336,37036.17334103406,0,0,1,0
2024-01-25,29210,3,4,1,1,35170.0,50050.0,54000.0,197740.0,37991.42857142857,11563.444453065222,59966.666666666664,35683.30879328285,0,0,1,0
2024-01-27,52680,5,4,1,1,29210.0,38200.0,47700.0,110450.0,35014.28571428572,10582.534128057783,54349.0,24874.43852771274,0,0,1,0
2024-01-28,28450,6,4,1,1,52680.0,27850.0,38310.0,126350.0,37082.857142857145,12542.700020713306,52423.333333333336,22504.873546263876,0,0,1,0
2024-01-29,33330,0,5,1,1,28450.0,57240.0,36310.0,62800.0,37168.57142857143,12470.9334435101,49160.0,18078.08637263761,0,0,1,0
2024-01-30,27700,1,5,1,1,33330.0,27410.0,61720.0,88300.0,33752.857142857145,8787.754196016396,48177.666666666664,18111.997297149417,0,0,1,0
2024-01-31,44170,2,5,1,1,27700.0,30020.0,40550.0,58350.0,33794.28571428572,8753.484748268838,46157.666666666664,16815.84857607034,0,0,1,0
2024-02-01,60300,3,5,2,1,44170.0,35170.0,38950.0,22350.0,35815.71428571428,9350.115609169787,45685.0,16659.889420918582,0,0,0,1
2024-02-02,49200,4,5,2,1,60300.0,29210.0,50050.0,73150.0,39405.71428571428,13123.735313221794,46950.0,16263.005193721981,0,0,0,1
2024-02-03,51160,5,5,2,1,49200.0,52680.0,38200.0,57930.0,42261.42857142857,12703.570926546146,46151.666666666664,15502.588456466498,0,0,0,1
2024-02-04,45770,6,5,2,1,51160.0,28450.0,27850.0,57850.0,42044.28571428572,12507.279023492798,45926.0,15373.963346044207,0,0,0,1
2024-02-05,108640,0,6,2,1,45770.0,33330.0,57240.0,72250.0,44518.57142857143,10991.010612577309,45523.333333333336,15208.189793055673,1,0,0,1
2024-02-06,52020,1,6,2,1,108640.0,27700.0,27410.0,42400.0,55277.142857142855,25498.23308537782,46736.333333333336,18506.885854270087,0,0,0,1
2024-02-07,79130,2,6,2,1,52020.0,44170.0,30020.0,50000.0,58751.42857142857,22607.428298808725,47057.0,18512.50130270765,0,0,0,1
2024-02-09,21750,4,6,2,1,79130.0,60300.0,35170.0,99000.0,63745.71428571428,22710.65378271077,48028.0,19414.17832410102,0,0,0,1
2024-02-10,106200,5,6,2,1,21750.0,49200.0,29210.0,49750.0,58238.57142857143,27791.21409640904,45453.0,17443.375414811853,0,0,0,1
2024-02-11,133850,6,6,2,1,106200.0,51160.0,52680.0,46850.0,66381.42857142857,32630.684653442975,47334.666666666664,20669.303198526977,0,0,0,1
2024-02-12,60850,0,7,2,1,133850.0,45770.0,28450.0,54000.0,78194.28571428571,40274.22784575117,50234.666666666664,26011.76838880121,0,0,0,1
2024-02-13,70795,1,7,2,1,60850.0,108640.0,33330.0,47700.0,80348.57142857143,38620.124041132105,50463.0,26075.946261799785,0,0,0,1
2024-02-14,65820,2,7,2,1,70795.0,52020.0,27700.0,38310.0,74942.14285714286,36595.40816563707,51232.833333333336,26331.226371223922,0,0,0,1
2024-02-15,71780,3,7,2,1,65820.0,79130.0,44170.0,36310.0,76913.57142857143,35510.389408628456,52149.833333333336,26344.684816385776,0,0,0,1
2024-02-16,13150,4,7,2,1,71780.0,21750.0,60300.0,61720.0,75863.57142857143,35542.58018141666,53332.166666666664,26405.156160640498,0,0,0,1
2024-02-17,135600,5,7,2,1,13150.0,106200.0,49200.0,40550.0,74635.0,37801.67048778029,51713.166666666664,27345.39728286034,0,0,0,1
2024-02-18,113100,6,7,2,1,135600.0,133850.0,51160.0,38950.0,78835.0,43148.386895302545,54881.5,31236.906916448872,0,0,0,1
2024-02-19,75900,0,8,2,1,113100.0,60850.0,45770.0,50050.0,75870.71428571429,39278.13391152232,57353.166666666664,32826.02690263686,0,0,0,1
2024-02-20,116150,1,8,2,1,75900.0,70795.0,108640.0,38200.0,78020.71428571429,38726.93361092267,58214.833333333336,32966.68533857535,0,0,0,1
2024-02-21,118750,2,8,2,1,116150.0,65820.0,52020.0,27850.0,84500.0,41041.47455115835,60813.166666666664,34376.52458019338,0,0,0,1
2024-02-22,88500,3,8,2,1,118750.0,71780.0,79130.0,57240.0,92061.42857142857,41893.3357582375,63843.166666666664,35362.798065767165,0,0,0,1
2024-02-23,28350,4,8,2,1,88500.0,13150.0,21750.0,27410.0,94450.0,41011.62436838331,64885.166666666664,35621.1298317235,0,0,0,1
2024-02-24,209390,5,8,2,1,28350.0,135600.0,106200.0,30020.0,96621.42857142857,36097.632160836874,64916.5,35587.426420354335,0,0,0,1
2024-02-25,148300,6,8,2,1,209390.0,113100.0,133850.0,35170.0,107162.85714285714,55132.87576824031,70895.5,43671.91787577313,0,0,0,1
2024-02-26,72700,0,9,2,1,148300.0,75900.0,60850.0,29210.0,112191.42857142857,57326.27827578209,74666.5,45333.39636648336,0,0,0,1
2024-02-27,78140,1,9,2,1,72700.0,116150.0,70795.0,52680.0,111734.28571428571,57675.60918827057,76116.16666666667,44517.68950388559,0,0,0,1
2024-02-28,136250,2,9,2,1,78140.0,118750.0,65820.0,28450.0,106304.28571428571,58965.43983757032,76964.83333333333,44297.64165286617,0,0,0,1
2024-02-29,155950,3,9,2,1,136250.0,88500.0,71780.0,33330.0,108804.28571428571,59943.91624875808,80558.16666666667,44597.7543984566,0,0,0,1
2024-03-01,19550,4,9,3,1,155950.0,28350.0,13150.0,27700.0,118440.0,61536.11947466317,84645.5,45724.840912413405,0,0,0,1
2024-03-02,85700,5,9,3,1,19550.0,209390.0,135600.0,44170.0,117182.85714285714,63733.985103262436,84373.83333333333,46097.53201717756,0,0,0,1
2024-03-03,209700,6,9,3,1,85700.0,148300.0,113100.0,60300.0,99512.85714285714,49456.270149930344,85758.16666666667,45467.84025423964,0,0,0,1
2024-03-04,104600,0,10,3,1,209700.0,72700.0,75900.0,49200.0,108284.28571428571,63111.001908580016,90738.16666666667,50487.91532571709,0,0,0,1
2024-03-05,111200,1,10,3,1,104600.0,78140.0,116150.0,51160.0,112841.42857142857,61237.17700563174,92584.83333333333,49926.25044595229,0,0,0,1
2024-03-06,134300,2,10,3,1,111200.0,136250.0,118750.0,45770.0,117564.28571428571,59360.927906366014,94586.16666666667,49409.14043043767,0,0,0,1
2024-03-07,104650,3,10,3,1,134300.0,155950.0,88500.0,108640.0,117285.71428571429,59263.118901259186,97537.16666666667,49035.367244809444,0,0,0,1
2024-03-08,31400,4,10,3,1,104650.0,19550.0,28350.0,52020.0,109957.14285714286,56805.93006435347,97404.16666666667,49009.61862109371,0,0,0,1
2024-03-09,214850,5,10,3,1,31400.0,85700.0,209390.0,79130.0,111650.0,53757.47234881268,96716.83333333333,49806.173770536894,0,0,0,1
2024-03-10,224550,6,10,3,1,214850.0,209700.0,148300.0,21750.0,130100.0,64463.44571408936,101240.83333333333,54129.83895838706,0,0,0,1
2024-03-11,138950,0,11,3,1,224550.0,104600.0,72700.0,106200.0,132221.42857142858,67683.5212412819,108000.83333333333,56472.93355477124,0,0,0,1
2024-03-12,52000,1,11,3,1,138950.0,111200.0,78140.0,133850.0,137128.57142857142,66583.43673631643,109092.5,56752.77004860339,0,0,0,1
2024-03-13,70900,2,11,3,1,52000.0,134300.0,136250.0,60850.0,128671.42857142857,73794.81043826226,106364.16666666667,57484.25151776328,0,0,0,1
2024-03-14,81100,3,11,3,1,70900.0,104650.0,155950.0,70795.0,119614.28571428571,76817.6179568948,106699.16666666667,57238.62242136336,0,0,0,1
2024-03-16,203000,5,11,3,1,81100.0,31400.0,19550.0,65820.0,116250.0,78087.41896105942,107042.66666666667,57046.322794443244,0,0,0,1
2024-03-17,311450,6,11,3,1,203000.0,214850.0,85700.0,71780.0,140764.2857142857,73830.05098583797,111615.33333333333,59089.47877252933,0,0,0,1
2024-03-18,182500,0,12,3,1,311450.0,224550.0,209700.0,13150.0,154564.2857142857,95757.5920153145,119604.33333333333,68904.66806084121,0,0,0,1
2024-03-19,216900,1,12,3,1,182500.0,138950.0,104600.0,135600.0,148557.14285714287,91875.7332332257,125249.33333333333,66787.13075153765,0,0,0,1
2024-03-20,130900,2,12,3,1,216900.0,52000.0,111200.0,113100.0,159692.85714285713,95181.68778959627,127959.33333333333,68839.51591393106,0,0,0,1
2024-03-21,242550,3,12,3,1,130900.0,70900.0,134300.0,75900.0,170964.2857142857,84359.6305225713,128552.66666666667,68783.712984645,0,0,0,1
2024-03-22,84550,4,12,3,1,242550.0,81100.0,104650.0,116150.0,195485.7142857143,74835.18955169457,134107.66666666666,71075.99719403475,0,0,0,1
2024-03-23,443850,5,12,3,1,84550.0,203000.0,31400.0,118750.0,195978.57142857142,73962.57419095376,133054.33333333334,71583.64365688157,1,0,0,1
2024-03-24,371700,6,12,3,1,443850.0,311450.0,214850.0,88500.0,230385.7142857143,119670.90886498425,143891.0,91249.6868714514,0,0,0,1
2024-03-25,251000,0,13,3,1,371700.0,182500.0,224550.0,28350.0,238992.85714285713,128326.72308269539,153331.0,99589.50659132442,0,0,0,1
2024-03-26,171250,1,13,3,1,251000.0,216900.0,138950.0,209390.0,248778.57142857142,125889.43183452282,160752.66666666666,98241.53451055469,0,0,0,1
2024-03-27,249500,2,13,3,1,171250.0,130900.0,52000.0,148300.0,242257.14285714287,128960.99354899055,159481.33333333334,97836.3674620073,0,0,0,1
2024-03-28,251850,3,13,3,1,249500.0,242550.0,70900.0,72700.0,259200.0,119323.26540397132,162854.66666666666,99173.071627796,0,0,0,1
2024-03-29,69200,4,13,3,1,251850.0,84550.0,81100.0,78140.0,260528.57142857142,119158.64375257169,168826.33333333334,98950.72394303426,0,0,0,1
2024-03-30,356850,5,13,3,1,69200.0,443850.0,203000.0,136250.0,258335.7142857143,123015.71618525553,168528.33333333334,99246.27299814834,0,0,0,1
2024-03-31,362800,6,13,3,1,356850.0,371700.0,311450.0,155950.0,245907.14285714287,104087.6450744409,175881.66666666666,104789.75213396992,0,0,0,1
2024-04-01,252200,0,14,4,2,362800.0,251000.0,182500.0,19550.0,244635.7142857143,102334.58894840012,182776.66666666666,110103.53022413085,0,0,0,1
2024-04-02,269900,1,14,4,2,252200.0,171250.0,216900.0,85700.0,244807.14285714287,102348.03136264735,190531.66666666666,106339.28904068413,0,0,0,1
2024-04-03,335800,2,14,4,2,269900.0,249500.0,130900.0,209700.0,258900.0,97193.49686750263,196671.66666666666,105391.21755870244,0,0,0,1
2024-04-04,244600,3,14,4,2,335800.0,251850.0,242550.0,104600.0,271228.5714285714,101193.5021676406,200875.0,108400.4181105946,0,0,0,1
2024-04-05,85150,4,14,4,2,244600.0,69200.0,84550.0,111200.0,270192.85714285716,101461.64475871046,205541.66666666666,107118.77639212992,0,0,0,1
2024-04-06,337750,5,14,4,2,85150.0,356850.0,443850.0,134300.0,272471.4285714286,96240.30625272838,204673.33333333334,108011.76798381048,0,0,0,1
2024-04-07,431115,6,14,4,2,337750.0,362800.0,371700.0,104650.0,269742.85714285716,93686.18907720299,211455.0,109812.84733424944,0,0,0,1
2024-04-08,325200,0,15,4,2,431115.0,252200.0,251000.0,31400.0,279502.14285714284,107530.80426313236,222337.16666666666,114920.89374932516,0,0,0,1
2024-04-09,250950,1,15,4,2,325200.0,269900.0,171250.0,214850.0,289930.71428571426,107980.58824114938,232130.5,110522.89859751488,0,0,0,1
2024-04-10,32700,2,15,4,2,250950.0,335800.0,249500.0,224550.0,287223.5714285714,108800.89677610934,233333.83333333334,110524.78890060361,0,1,0,1
2024-04-13,82100,5,15,4,2,32700.0,244600.0,251850.0,138950.0,243923.57142857142,141612.24042887546,226938.83333333334,116442.38452233418,0,0,0,1
2024-04-14,69550,6,15,4,2,82100.0,85150.0,69200.0,52000.0,220709.2857142857,154239.12664076095,225043.83333333334,118370.33653693741,0,0,0,1
2024-04-15,66600,0,16,4,2,69550.0,337750.0,356850.0,70900.0,218480.7142857143,156618.58825473016,225628.83333333334,117525.99973302559,0,0,0,1
2024-04-16,44450,1,16,4,2,66600.0,431115.0,362800.0,81100.0,179745.0,155732.512688691,225485.5,117723.66817628183,0,0,0,1
2024-04-17,72050,2,16,4,2,44450.0,325200.0,252200.0,203000.0,124507.14285714286,114945.64450415772,224263.83333333334,119451.17383470331,0,0,0,1
2024-04-18,39600,3,16,4,2,72050.0,250950.0,269900.0,311450.0,88342.85714285714,73704.5307775777,219898.83333333334,122605.93008724118,0,0,0,1
2024-04-20,100900,5,16,4,2,39600.0,32700.0,335800.0,182500.0,58150.0,18919.434452437206,210837.16666666666,125615.29225269465,0,0,0,1
2024-04-21,67650,6,16,4,2,100900.0,82100.0,244600.0,216900.0,67892.85714285714,21067.617895945987,208117.16666666666,127124.44098601083,0,0,0,1
2024-04-22,40625,0,17,4,2,67650.0,69550.0,85150.0,130900.0,65828.57142857143,20130.632899947348,203142.16666666666,129663.94885987695,0,0,0,1
2024-04-23,32250,1,17,4,2,40625.0,66600.0,337750.0,242550.0,61696.42857142857,22110.717746961072,200133.0,132416.62252149466,0,0,0,1
2024-04-24,42650,2,17,4,2,32250.0,44450.0,431115.0,84550.0,56789.28571428572,24521.38461774738,193123.0,135621.42955478223,0,0,0,1
2024-04-25,54050,3,17,4,2,42650.0,72050.0,325200.0,443850.0,56532.142857142855,24681.262774479885,191726.33333333334,136986.9739020852,0,0,0,1
2024-04-27,55750,5,17,4,2,54050.0,39600.0,250950.0,371700.0,53960.71428571428,23713.778770400557,178733.0,130585.04002610978,0,0,0,1
2024-04-28,69850,6,17,4,2,55750.0,100900.0,32700.0,251000.0,56267.857142857145,22853.777561042145,168201.33333333334,127181.9498682846,0,0,0,1
2024-04-29,59300,0,18,4,2,69850.0,67650.0,82100.0,171250.0,51832.142857142855,14074.139363016026,162163.0,127415.38426574013,0,0,0,1
2024-04-30,39900,1,18,4,2,59300.0,40625.0,69550.0,249500.0,50639.28571428572,12806.84921847822,158431.33333333334,128772.21099298947,0,0,0,1
2024-05-01,36750,2,18,5,2,39900.0,32250.0,66600.0,251850.0,50535.71428571428,12903.898451172408,151444.66666666666,129345.56188441647,1,0,0,0
2024-05-02,27500,3,18,5,2,36750.0,42650.0,44450.0,69200.0,51178.57142857143,11915.32126937645,144274.66666666666,129549.52795355339,0,0,0,0
2024-05-04,62300,5,18,5,2,27500.0,54050.0,72050.0,356850.0,49014.28571428572,14759.169869547914,142884.66666666666,130602.24951812817,0,0,0,0
2024-05-05,63950,6,18,5,2,62300.0,55750.0,39600.0,362800.0,50192.857142857145,15537.198068171705,133066.33333333334,124909.92814778602,0,0,0,0
2024-05-06,42050,0,19,5,2,63950.0,69850.0,100900.0,252200.0,51364.28571428572,16315.629375075778,123104.66666666667,117663.26591044739,0,0,0,0
2024-05-07,37100,1,19,5,2,42050.0,59300.0,67650.0,269900.0,47392.857142857145,14328.451549612782,116099.66666666667,115955.82294142453,0,0,0,0
2024-05-08,72050,2,19,5,2,37100.0,39900.0,40625.0,335800.0,44221.42857142857,13696.619325675254,108339.66666666667,113061.88573103439,0,0,0,0
2024-05-09,35550,3,19,5,2,72050.0,36750.0,32250.0,244600.0,48814.28571428572,16998.4242967254,99548.0,104710.87364574503,0,0,0,0
2024-05-11,76350,5,19,5,2,35550.0,27500.0,42650.0,85150.0,48642.857142857145,17145.782488499415,92579.66666666667,101635.85709008799,0,0,0,0
2024-05-12,85150,6,19,5,2,76350.0,62300.0,54050.0,337750.0,55621.42857142857,17047.137030963615,92286.33333333333,101670.73236114011,0,0,0,0
2024-05-13,60950,0,20,5,2,85150.0,63950.0,55750.0,431115.0,58885.71428571428,20397.604317782738,83866.33333333333,90485.8191112281,0,0,0,0
2024-05-14,59850,1,20,5,2,60950.0,42050.0,69850.0,325200.0,58457.142857142855,20304.770140936293,71527.5,62372.33525162729,0,0,0,0
2024-05-15,33600,2,20,5,2,59850.0,37100.0,59300.0,250950.0,61000.0,18978.869829367217,62682.5,39938.98101781503,0,0,0,0
2024-05-16,71350,3,20,5,2,33600.0,72050.0,39900.0,32700.0,60500.0,19744.134150005135,55437.5,18648.272026356102,0,0,0,0
2024-05-17,23100,4,20,5,2,71350.0,35550.0,36750.0,82100.0,60400.0,19677.546425644614,56725.833333333336,18356.059888397802,0,0,0,0
2024-05-18,88800,5,20,5,2,23100.0,76350.0,27500.0,69550.0,58621.42857142857,22637.94486297541,54759.166666666664,18701.113837533256,0,0,0,0
2024-05-19,122050,6,20,5,2,88800.0,85150.0,62300.0,66600.0,60400.0,24661.57605128673,55400.833333333336,19537.652070285985,0,0,0,0
2024-05-20,67250,0,21,5,2,122050.0,60950.0,63950.0,44450.0,65671.42857142857,33273.623902711726,57249.166666666664,22957.288380792284,0,0,0,0
2024-05-21,82550,1,21,5,2,67250.0,59850.0,42050.0,72050.0,66571.42857142857,33209.77337500375,58009.166666666664,22896.27706837869,0,0,0,0
2024-05-22,46650,2,21,5,2,82550.0,33600.0,37100.0,39600.0,69814.28571428571,33550.60499064291,58359.166666666664,23196.594655077366,0,0,0,0
2024-05-23,125750,3,21,5,2,46650.0,71350.0,72050.0,100900.0,71678.57142857143,31503.01383919382,58594.166666666664,23035.145265117546,0,0,0,0
2024-05-25,97150,5,21,5,2,125750.0,23100.0,35550.0,67650.0,79450.0,37539.94539154326,59422.5,24974.09550155319,0,0,0,0
2024-05-26,132370,6,21,5,2,97150.0,88800.0,76350.0,40625.0,90028.57142857143,28314.040350194136,60405.833333333336,25873.779900713856,0,0,0,0
2024-05-27,126880,0,22,5,2,132370.0,122050.0,85150.0,32250.0,96252.85714285714,32481.287799945563,63464.0,28720.478408271847,0,0,0,0
2024-05-28,70800,1,22,5,2,126880.0,67250.0,60950.0,42650.0,96942.85714285714,33164.74268169273,66618.33333333333,30325.755081520678,0,0,0,0
2024-05-29,92800,2,22,5,2,70800.0,82550.0,59850.0,54050.0,97450.0,32658.290933034157,67556.66666666667,29992.230296543952,0,0,0,0
2024-05-30,115100,3,22,5,2,92800.0,46650.0,33600.0,55750.0,98914.28571428571,32103.96489383819,68848.33333333333,30224.00633925641,0,0,0,0
2024-05-31,2700,4,22,5,2,115100.0,125750.0,71350.0,69850.0,108692.85714285714,22528.004582657013,70826.66666666667,31261.666769310486,0,0,0,0
2024-06-01,155250,5,22,6,2,2700.0,97150.0,23100.0,59300.0,91114.28571428571,44395.12430329261,68588.33333333333,33646.97415132956,0,0,0,0
2024-06-02,175750,6,22,6,2,155250.0,132370.0,88800.0,39900.0,99414.28571428571,50695.648023981914,71786.66666666667,37115.169529390696,0,0,0,0
2024-06-03,173850,0,23,6,2,175750.0,126880.0,122050.0,36750.0,105611.42857142857,57579.68751465868,76315.0,41157.803780923176,0,0,0,0
2024-06-04,166200,1,23,6,2,173850.0,70800.0,67250.0,27500.0,112321.42857142857,62957.00157741844,80885.0,44118.22656813451,0,0,0,0
2024-06-05,137250,2,23,6,2,166200.0,92800.0,82550.0,62300.0,125950.0,62796.24457985797,85508.33333333333,45574.3251285145,0,0,0,0
2024-06-06,186350,3,23,6,2,137250.0,115100.0,46650.0,63950.0,132300.0,61110.173730184535,88006.66666666667,46306.653080742486,0,0,0,0
2024-06-07,64250,4,23,6,2,186350.0,2700.0,125750.0,42050.0,142478.57142857142,63648.85346664967,92086.66666666667,49402.69902813382,0,0,0,0
2024-06-08,367000,5,23,6,2,64250.0,155250.0,97150.0,37100.0,151271.42857142858,41528.14163454746,92826.66666666667,48789.82280348443,0,0,0,0
2024-06-09,268200,6,23,6,2,367000.0,175750.0,132370.0,72050.0,181521.42857142858,91710.65849154252,103823.33333333333,68850.34056126596,0,0,0,0
2024-06-10,157100,0,24,6,2,268200.0,173850.0,126880.0,35550.0,194728.57142857142,97231.62575838683,110361.66666666667,74786.67644031596,0,0,0,0
2024-06-11,293800,1,24,6,2,157100.0,166200.0,70800.0,76350.0,192335.7142857143,98033.87898360126,114413.33333333333,73880.97801629106,0,0,0,0
2024-06-12,262950,2,24,6,2,293800.0,137250.0,92800.0,85150.0,210564.2857142857,104043.10690880982,121661.66666666667,80397.32737380378,0,0,0,0
2024-06-13,253700,3,24,6,2,262950.0,186350.0,115100.0,60950.0,228521.42857142858,100051.54861846115,127588.33333333333,84082.0016856834,0,0,0,0
2024-06-14,178600,4,24,6,2,253700.0,64250.0,2700.0,59850.0,238142.85714285713,98547.28318837323,134013.33333333334,86153.18623736777,0,0,0,0
2024-06-15,354050,5,24,6,2,178600.0,367000.0,155250.0,33600.0,254478.57142857142,70365.75787236482,137971.66666666666,85352.51288478347,0,0,0,0
2024-06-16,320950,6,24,6,2,354050.0,268200.0,175750.0,71350.0,252628.57142857142,67004.32733004841,148653.33333333334,91659.02959199996,0,0,0,0
2024-06-17,15950,0,25,6,2,320950.0,157100.0,173850.0,23100.0,260164.2857142857,71839.3097723754,156973.33333333334,95641.86384392677,0,1,0,0
2024-06-20,79450,3,25,6,2,15950.0,293800.0,166200.0,88800.0,240000.0,113385.40470448523,156735.0,95995.22699161877,0,0,0,0
2024-06-21,6850,4,25,6,2,79450.0,262950.0,137250.0,122050.0,209378.57142857142,124803.61859451691,156423.33333333334,96238.2670800691,0,0,0,0
2024-06-22,57850,5,25,6,2,6850.0,253700.0,186350.0,67250.0,172792.85714285713,142731.6725788037,152583.33333333334,99886.2465881628,0,0,0,0
2024-06-23,40850,6,25,6,2,57850.0,178600.0,64250.0,82550.0,144814.2857142857,143422.61186869413,152270.0,100177.47816268128,0,0,0,0
2024-06-24,30850,0,26,6,2,40850.0,354050.0,367000.0,46650.0,125135.71428571429,147409.09547436834,150880.0,101459.32798162404,0,0,0,0
2024-06-25,45250,1,26,6,2,30850.0,320950.0,268200.0,125750.0,78964.28571428571,109500.4479225457,150353.33333333334,102058.27416940177,0,0,0,0
2024-06-26,37050,2,26,6,2,45250.0,15950.0,157100.0,97150.0,39578.57142857143,24708.34638239606,147670.0,103771.33794699934,0,0,0,0
2024-06-27,41250,3,26,6,2,37050.0,79450.0,293800.0,132370.0,42592.857142857145,22536.996039318798,145666.66666666666,105348.4105352276,0,0,0,0
2024-06-29,37700,5,26,6,2,41250.0,6850.0,262950.0,126880.0,37135.71428571428,15718.293861130336,142629.33333333334,107044.88545927127,0,0,0,0
2024-06-30,57500,6,26,6,2,37700.0,57850.0,253700.0,70800.0,41542.857142857145,8460.911523565619,139656.66666666666,108722.46201740668,0,0,0,0
2024-07-01,58500,0,27,7,3,57500.0,40850.0,178600.0,92800.0,41492.857142857145,8348.773790779429,139213.33333333334,109039.57201111813,0,0,0,0
2024-07-02,75000,1,27,7,3,58500.0,30850.0,354050.0,115100.0,44014.28571428572,10508.239397642912,138070.0,109720.71881796543,0,0,0,0
2024-07-03,87800,2,27,7,3,75000.0,45250.0,320950.0,2700.0,50321.42857142857,13969.575785224164,136733.33333333334,110253.16504435985,0,0,0,0
2024-07-04,85400,3,27,7,3,87800.0,37050.0,15950.0,155250.0,56400.0,19541.302413095913,139570.0,107752.14022996448,0,0,0,0
2024-07-06,68550,5,27,7,3,85400.0,41250.0,79450.0,175750.0,63307.142857142855,20098.889450487535,137241.66666666666,108155.55215819333,0,0,0,0
2024-07-07,43250,6,27,7,3,68550.0,37700.0,6850.0,173850.0,67207.14285714286,17598.73169131559,133668.33333333334,108609.3398563079,0,0,0,0
2024-07-08,20100,0,28,7,3,43250.0,57500.0,57850.0,166200.0,68000.0,16109.857230902384,129315.0,109556.47823115617,0,0,0,0
2024-07-09,19700,1,28,7,3,20100.0,58500.0,40850.0,137250.0,62657.142857142855,24295.068576625166,124445.0,111096.71799832795,0,0,0,0
2024-07-10,58800,2,28,7,3,19700.0,75000.0,30850.0,186350.0,57114.28571428572,29310.04825262995,120526.66666666667,112691.04677386091,0,0,0,0
2024-07-11,93150,3,28,7,3,58800.0,87800.0,45250.0,64250.0,54800.0,28284.050275730835,116275.0,112528.01317894139,0,0,0,0
2024-07-13,104650,5,28,7,3,93150.0,85400.0,37050.0,367000.0,55564.28571428572,29375.609416172076,117238.33333333333,112190.47587222718,0,0,0,0
2024-07-14,80250,6,28,7,3,104650.0,68550.0,41250.0,268200.0,58314.28571428572,33276.264242021345,108493.33333333333,101793.86009982624,0,0,0,0
2024-07-15,68600,0,29,7,3,80250.0,43250.0,37700.0,157100.0,59985.71428571428,34158.23124672627,102228.33333333333,97310.67709371255,0,0,0,0
2024-07-16,14500,1,29,7,3,68600.0,20100.0,57500.0,293800.0,63607.142857142855,33424.11091526972,99278.33333333333,96930.575656634,0,0,0,0
2024-07-17,1500,2,29,7,3,14500.0,19700.0,58500.0,262950.0,62807.142857142855,34682.33734640136,89968.33333333333,90823.6188362133,0,0,0,0
2024-07-18,83600,3,29,7,3,1500.0,58800.0,75000.0,253700.0,60207.142857142855,38880.601724719425,81253.33333333333,86072.22601951244,0,0,0,0
2024-07-20,91850,5,29,7,3,83600.0,93150.0,87800.0,178600.0,63750.0,39848.86029319694,75583.33333333333,79686.36833769367,0,0,0,0
2024-07-21,64700,6,29,7,3,91850.0,104650.0,85400.0,354050.0,63564.28571428572,39691.7257780278,72691.66666666667,77359.19810603785,0,0,0,0
2024-07-22,39250,0,30,7,3,64700.0,80250.0,68550.0,320950.0,57857.142857142855,35444.4451286271,63046.666666666664,56219.85618876193,0,0,0,0
2024-07-23,62600,1,30,7,3,39250.0,68600.0,43250.0,15950.0,52000.0,34502.403297935714,53656.666666666664,28202.765618034056,0,0,0,0
2024-07-24,61100,2,30,7,3,62600.0,14500.0,20100.0,79450.0,51142.857142857145,34093.38191608839,55211.666666666664,27324.444920801256,0,0,0,0
2024-07-27,75050,5,30,7,3,61100.0,1500.0,19700.0,6850.0,57800.0,30056.543935279715,54600.0,26966.188919229997,0,0,0,0
2024-07-28,63090,6,30,7,3,75050.0,83600.0,58800.0,57850.0,68307.14285714286,17201.972478262913,56873.333333333336,25644.239567367207,0,0,0,0
2024-07-29,24000,0,31,7,3,63090.0,91850.0,93150.0,40850.0,65377.142857142855,15857.174731844592,57048.0,25668.95446737736,0,0,0,0
2024-07-30,44950,1,31,7,3,24000.0,64700.0,104650.0,30850.0,55684.28571428572,17617.677540040026,56486.333333333336,26214.166015440467,0,0,0,0
2024-07-31,44100,2,31,7,3,44950.0,39250.0,80250.0,45250.0,52862.857142857145,17514.346228437855,56956.333333333336,25862.721738965192,0,0,0,0
2024-08-01,64900,3,31,8,3,44100.0,62600.0,68600.0,37050.0,53555.71428571428,16973.66279185195,56918.0,25881.51642415509,0,0,0,0
2024-08-03,125900,5,31,8,3,64900.0,61100.0,14500.0,41250.0,53884.28571428572,17198.688765082232,57846.333333333336,25642.673684274367,0,0,0,0
2024-08-04,75200,6,31,8,3,125900.0,75050.0,1500.0,37700.0,63141.42857142857,32427.105651791422,60668.0,28275.652911758247,0,0,0,0
2024-08-05,77150,0,32,8,3,75200.0,63090.0,83600.0,57500.0,63162.857142857145,32436.33493182585,61918.0,28053.298337026652,0,0,0,0
2024-08-06,126600,1,32,8,3,77150.0,24000.0,91850.0,58500.0,65171.42857142857,32863.57985601145,62573.0,28175.719083318607,0,0,0,0
2024-08-07,52450,2,32,8,3,126600.0,44950.0,64700.0,75000.0,79828.57142857143,34289.57393949987,64843.0,30484.89938788826,0,0,0,0
2024-08-08,88500,3,32,8,3,52450.0,44100.0,39250.0,87800.0,80900.0,33115.16520669516,64091.333333333336,30503.82415068817,0,0,0,0
2024-08-10,82150,5,32,8,3,88500.0,64900.0,62600.0,85400.0,87242.85714285714,28872.080351259152,64114.666666666664,30522.846811385065,0,0,0,0
2024-08-11,141300,6,32,8,3,82150.0,125900.0,61100.0,68550.0,89707.14285714286,27342.906279500763,64006.333333333336,30450.37619192742,0,0,0,0
2024-08-12,94560,0,33,8,3,141300.0,75200.0,75050.0,43250.0,91907.14285714286,31101.519638267844,66431.33333333333,33562.49145465355,0,0,0,0
2024-08-13,129200,1,33,8,3,94560.0,77150.0,63090.0,20100.0,94672.85714285714,30216.419219957625,68141.66666666667,33647.70557155271,0,0,0,0
2024-08-14,17000,2,33,8,3,129200.0,126600.0,24000.0,19700.0,102108.57142857143,31560.091058472484,71778.33333333333,34168.05960435053,1,0,0,0
2024-08-15,47335,3,33,8,3,17000.0,52450.0,44950.0,58800.0,86451.42857142857,42629.90360008363,71688.33333333333,34313.213809756104,0,0,0,0
2024-08-17,59975,5,33,8,3,47335.0,88500.0,44100.0,93150.0,85720.71428571429,43347.64953533395,71306.16666666667,34524.901949555926,0,0,0,0
2024-08-18,55050,6,33,8,3,59975.0,82150.0,64900.0,104650.0,81645.71428571429,44371.51924645066,70200.33333333333,34331.87573180909,0,0,0,0
2024-08-19,11840,0,34,8,3,55050.0,141300.0,125900.0,80250.0,77774.28571428571,45488.37272942921,68547.0,33805.937440143716,0,0,0,0
2024-08-20,32860,1,34,8,3,11840.0,94560.0,75200.0,68600.0,59280.0,41498.38500873741,66266.66666666667,35265.06858980559,0,0,0,0
2024-08-21,59490,2,34,8,3,32860.0,129200.0,77150.0,14500.0,50465.71428571428,39247.48892483236,65075.333333333336,35783.404695601705,0,0,0,0
2024-08-22,63540,3,34,8,3,59490.0,17000.0,126600.0,1500.0,40507.142857142855,20125.979449696606,66575.0,34510.85341524157,0,0,0,0
2024-08-24,63710,5,34,8,3,63540.0,47335.0,52450.0,83600.0,47155.71428571428,18703.085848013827,68643.0,32262.46243033814,0,0,0,0
2024-08-25,67420,6,34,8,3,63710.0,59975.0,88500.0,91850.0,49495.0,19725.359946020693,67980.0,32148.665199941748,0,0,0,0
2024-08-26,19650,0,35,8,3,67420.0,55050.0,82150.0,64700.0,50558.57142857143,20567.352307782778,67165.66666666667,31831.022650686555,0,0,0,0
2024-08-27,20650,1,35,8,3,19650.0,11840.0,141300.0,39250.0,45501.42857142857,23431.602184922445,65664.0,32992.79705611851,0,0,0,0
2024-08-29,99540,3,35,8,3,20650.0,32860.0,94560.0,62600.0,46760.0,21477.327580499397,65044.0,33674.01733968073,0,0,0,0
2024-08-31,98010,5,35,8,3,99540.0,59490.0,129200.0,61100.0,56285.71428571428,28062.42259507958,66275.33333333333,34251.9867516732,0,0,0,0
2024-09-01,74415,6,35,9,3,98010.0,63540.0,17000.0,75050.0,61788.57142857143,32258.528292826897,67505.66666666667,34719.39370928364,0,0,0,0
2024-09-02,81970,0,36,9,3,74415.0,63710.0,47335.0,63090.0,63342.142857142855,32616.815685720376,67484.5,34714.82897269498,0,0,0,0
2024-09-03,43880,1,36,9,3,81970.0,67420.0,59975.0,24000.0,65950.71428571429,33372.566631463786,68113.83333333333,34803.4369260829,0,0,0,0
2024-09-04,61535,2,36,9,3,43880.0,19650.0,55050.0,44950.0,62587.857142857145,34370.930529682424,68776.5,34117.025786760736,0,0,0,0
2024-09-05,45200,3,36,9,3,61535.0,20650.0,11840.0,44100.0,68571.42857142857,28853.0536677219,69329.33333333333,33850.9616257577,0,0,0,0
2024-09-07,123670,5,36,9,3,45200.0,99540.0,32860.0,64900.0,72078.57142857143,22944.32477293176,69366.0,33823.27581557656,0,0,0,0
2024-09-08,95510,6,36,9,3,123670.0,98010.0,59490.0,125900.0,75525.71428571429,28818.44930314863,71325.0,35228.44386141071,0,0,0,0
2024-09-09,95350,0,37,9,3,95510.0,74415.0,63540.0,75200.0,75168.57142857143,28507.17405529879,70312.0,34021.26767895008,0,0,0,0
2024-09-10,72060,1,37,9,3,95350.0,81970.0,63710.0,77150.0,78159.28571428571,29495.9472397731,70983.66666666667,34318.70295187254,0,0,0,0
2024-09-11,51300,2,37,9,3,72060.0,43880.0,67420.0,126600.0,76743.57142857143,29520.37555010266,70814.0,34299.74314772655,0,0,0,0
2024-09-12,79300,3,37,9,3,51300.0,61535.0,19650.0,52450.0,77803.57142857143,28249.516915381602,68304.0,32798.97728641089,0,0,0,0
2024-09-14,103000,5,37,9,3,79300.0,45200.0,20650.0,88500.0,80341.42857142857,27327.333952517743,69199.0,32717.677584934703,0,0,0,0
2024-09-15,103230,6,37,9,3,103000.0,123670.0,99540.0,82150.0,88598.57142857143,23387.771326466478,69682.33333333333,33117.303028554,0,0,0,0
2024-09-16,80500,0,38,9,3,103230.0,95510.0,98010.0,141300.0,85678.57142857143,19176.008820548584,70385.0,33610.911636468554,0,0,0,0
2024-09-18,75790,2,38,9,3,80500.0,95350.0,74415.0,94560.0,83534.28571428571,18727.389796003965,68358.33333333333,30912.14621040325,0,0,0,0
2024-09-19,69250,3,38,9,3,75790.0,72060.0,81970.0,129200.0,80740.0,18119.958609225563,67732.66666666667,30551.381980518574,0,0,0,0
2024-09-21,81280,5,38,9,3,69250.0,51300.0,43880.0,17000.0,80338.57142857143,18373.654534480313,65734.33333333333,28267.497136602513,0,0,0,0
2024-09-22,124150,6,38,9,3,81280.0,79300.0,61535.0,47335.0,84621.42857142857,13258.925834537207,67877.0,26846.557815700296,0,0,0,0
2024-09-23,62950,0,39,9,3,124150.0,103000.0,45200.0,59975.0,91028.57142857143,19585.814108322178,70437.5,28435.883284851014,0,0,0,0
2024-09-24,54120,1,39,9,3,62950.0,103230.0,123670.0,55050.0,85307.14285714286,21282.122947274325,70536.66666666667,28403.30724834156,0,0,0,0
2024-09-25,119920,2,39,9,3,54120.0,80500.0,95510.0,11840.0,78291.42857142857,22451.577100189734,70505.66666666667,28421.294400542578,0,0,0,0
2024-09-26,102300,3,39,9,3,119920.0,75790.0,95350.0,32860.0,83922.85714285714,27478.807418498014,74108.33333333333,27565.638884786436,0,0,0,0
2024-09-28,67740,5,39,9,3,102300.0,69250.0,72060.0,59490.0,87710.0,27993.11820192076,76423.0,26889.738832550447,0,0,0,0
2024-09-29,87380,6,39,9,3,67740.0,81280.0,51300.0,63540.0,87494.28571428571,28164.373392132646,76698.0,26752.430008866915,0,0,0,0
2024-09-30,45380,0,40,9,3,87380.0,124150.0,79300.0,63710.0,88365.71428571429,28034.120791839872,77492.66666666667,26702.130960208113,0,0,0,0
2024-10-01,71820,1,40,10,4,45380.0,62950.0,103000.0,67420.0,77112.85714285714,27068.864472112127,76881.66666666667,27232.82246738745,0,0,0,0
2024-10-02,130120,2,40,10,4,71820.0,54120.0,103230.0,19650.0,78380.0,26496.945735940633,77028.33333333333,27191.925758150974,0,0,0,0
2024-10-03,72310,3,40,10,4,130120.0,119920.0,80500.0,20650.0,89237.14285714286,30210.003704229548,80710.66666666667,26627.88824332231,0,0,0,0
2024-10-05,153110,5,40,10,4,72310.0,102300.0,75790.0,99540.0,82435.71428571429,27377.42491977908,82432.66666666667,24166.53252677818,0,0,0,0
2024-10-06,170140,6,40,10,4,153110.0,67740.0,69250.0,98010.0,89694.28571428571,38141.39739493211,84218.33333333333,27255.86552922394,0,0,0,0
2024-10-07,86480,0,41,10,4,170140.0,87380.0,81280.0,74415.0,104322.85714285714,46939.950544742605,86622.66666666667,31383.32641907877,0,0,0,0
2024-10-08,93510,1,41,10,4,86480.0,45380.0,124150.0,81970.0,104194.28571428571,46995.29262140468,87024.83333333333,31298.685234128738,0,0,0,0
2024-10-09,117400,2,41,10,4,93510.0,71820.0,62950.0,43880.0,111070.0,39948.82309488834,87409.5,31305.331823883593,0,0,0,0
2024-10-10,111560,3,41,10,4,117400.0,130120.0,54120.0,61535.0,117581.42857142857,36005.014201067315,89860.16666666667,30651.056079103993,0,0,0,0
2024-10-11,4700,4,41,10,4,111560.0,72310.0,119920.0,45200.0,114930.0,35608.9820129699,91527.66666666667,30416.806230509766,0,0,0,0
2024-10-12,145900,5,41,10,4,4700.0,153110.0,102300.0,123670.0,105271.42857142857,53679.86910955606,90177.66666666667,33305.48103213072,0,0,0,0
2024-10-13,152600,6,41,10,4,145900.0,170140.0,67740.0,95510.0,104241.42857142857,52668.61128115814,90918.66666666667,34308.52238884323,0,0,0,0
2024-10-14,123180,0,42,10,4,152600.0,86480.0,87380.0,95350.0,101735.71428571429,49321.85987880819,92821.66666666667,36108.09003661041,0,0,0,0
2024-10-15,76380,1,42,10,4,123180.0,93510.0,45380.0,72060.0,106978.57142857143,49380.466593101395,93749.33333333333,36530.313244579986,0,0,0,0
2024-10-16,90170,2,42,10,4,76380.0,117400.0,71820.0,51300.0,104531.42857142857,50569.31461817932,93893.33333333333,36450.294103475964,0,0,0,0
2024-10-17,144390,3,42,10,4,90170.0,111560.0,130120.0,79300.0,100641.42857142857,50461.63441287921,95189.0,35564.125119525306,0,0,0,0
2024-10-19,219340,5,42,10,4,144390.0,4700.0,72310.0,103000.0,105331.42857142857,53102.11685315132,97358.66666666667,36533.620485070125,0,0,0,0
2024-10-20,124160,6,42,10,4,219340.0,145900.0,153110.0,103230.0,135994.2857142857,46919.795345228085,101236.66666666667,42791.76196365407,0,0,0,0
2024-10-21,98840,0,43,10,4,124160.0,152600.0,170140.0,80500.0,132888.57142857142,46874.321480803424,101934.33333333333,42995.51521787572,0,0,0,0
2024-10-22,143250,1,43,10,4,98840.0,123180.0,86480.0,75790.0,125208.57142857143,47506.3155199992,102545.66666666667,42810.22595235818,0,0,0,0
2024-10-23,63800,2,43,10,4,143250.0,76380.0,93510.0,69250.0,128075.71428571429,47966.8888773436,104794.33333333333,43126.92971661229,0,0,0,0
2024-10-24,75940,3,43,10,4,63800.0,90170.0,117400.0,81280.0,126278.57142857143,50400.47467652511,104612.66666666667,43292.97768439608,0,0,0,0
2024-10-25,11500,4,43,10,4,75940.0,144390.0,111560.0,124150.0,124245.71428571429,52348.92926544056,104434.66666666667,43403.05628308508,0,0,0,0
2024-10-26,119750,5,43,10,4,11500.0,219340.0,4700.0,62950.0,105261.42857142857,66112.83849817474,100679.66666666667,46407.5241731884,0,0,0,0
2024-10-27,174940,6,43,10,4,119750.0,124160.0,145900.0,54120.0,91034.28571428571,44729.85872887145,102573.0,45971.7676593379,0,0,0,0
2024-10-28,130100,0,44,10,4,174940.0,98840.0,152600.0,119920.0,98288.57142857143,54128.00397470557,106600.33333333333,46864.22291621016,0,0,0,0
2024-10-29,128400,1,44,10,4,130100.0,143250.0,123180.0,102300.0,102754.28571428571,55454.34995175268,106939.66666666667,47000.65028774891,0,0,0,0
2024-10-30,88850,2,44,10,4,128400.0,63800.0,76380.0,67740.0,100632.85714285714,53909.50154789862,107809.66666666667,47153.12001841736,0,0,0,0
2024-10-31,180420,3,44,10,4,88850.0,75940.0,90170.0,87380.0,104211.42857142857,51849.042559007175,108513.33333333333,46689.776428984034,0,0,0,0
2024-11-02,190300,5,44,11,4,180420.0,11500.0,144390.0,45380.0,119137.14285714286,57124.09494958788,111614.66666666667,48299.898031828845,0,0,1,0
2024-11-03,250200,6,44,11,4,190300.0,119750.0,219340.0,71820.0,144680.0,37617.16850942729,116445.33333333333,48692.49561478039,0,0,1,0
2024-11-04,126950,0,45,11,4,250200.0,174940.0,124160.0,130120.0,163315.7142857143,52555.121493894934,122391.33333333333,53690.061286233824,0,0,1,0
2024-11-05,197200,1,45,11,4,126950.0,130100.0,98840.0,72310.0,156460.0,53898.948969344194,122285.66666666667,53677.44403207082,0,0,1,0
2024-11-06,242250,2,45,11,4,197200.0,128400.0,143250.0,153110.0,166045.7142857143,54394.051101550205,126448.66666666667,54504.490465644594,0,0,1,0
2024-11-07,171840,3,45,11,4,242250.0,88850.0,63800.0,170140.0,182310.0,58152.78898442111,129420.0,58305.29117764825,0,0,1,0
2024-11-08,61550,4,45,11,4,171840.0,180420.0,75940.0,86480.0,194165.7142857143,42192.86031907167,129476.66666666667,58347.04261236551,0,0,1,0
2024-11-09,336250,5,45,11,4,61550.0,190300.0,11500.0,93510.0,177184.2857142857,65905.0141888919,128645.66666666667,59152.50481088946,1,0,1,0
2024-11-10,316700,6,45,11,4,336250.0,250200.0,119750.0,117400.0,198034.2857142857,89580.17579374368,136737.0,69820.58283372733,0,0,1,0
2024-11-11,243950,0,46,11,4,316700.0,126950.0,174940.0,111560.0,207534.2857142857,99059.06266080865,143380.33333333334,77026.9199016826,0,0,1,0
2024-11-12,235240,1,46,11,4,243950.0,197200.0,130100.0,4700.0,224248.57142857142,92873.4740437348,147793.33333333334,78910.4102364077,0,0,1,0
2024-11-13,309000,2,46,11,4,235240.0,242250.0,128400.0,145900.0,229682.85714285713,92136.99866942388,155478.0,75653.09367150137,0,0,1,0
2024-11-14,289940,3,46,11,4,309000.0,171840.0,88850.0,152600.0,239218.57142857142,96981.20632860917,160914.66666666666,80637.3048234835,0,0,1,0
2024-11-15,100050,4,46,11,4,289940.0,61550.0,180420.0,123180.0,256090.0,93516.84518488207,165492.66666666666,83978.34971127902,0,0,1,0
2024-11-16,300350,5,46,11,4,100050.0,336250.0,190300.0,76380.0,261590.0,80377.56942497409,164721.66666666666,84484.86520584955,0,0,1,0
2024-11-17,276250,6,46,11,4,300350.0,316700.0,250200.0,90170.0,256461.42857142858,75836.91744539012,172187.33333333334,86285.77027102649,0,0,1,0
2024-11-18,137150,0,47,11,4,276250.0,243950.0,126950.0,144390.0,250682.85714285713,71921.93353775605,178390.0,86872.8348874336,0,0,1,0
2024-11-19,164050,1,47,11,4,137150.0,235240.0,197200.0,219340.0,235425.7142857143,83916.1313171549,178148.66666666666,86980.53372126874,0,0,1,0
2024-11-20,150800,2,47,11,4,164050.0,309000.0,242250.0,124160.0,225255.7142857143,88149.4548777132,176305.66666666666,86662.82883257595,0,0,1,0
2024-11-21,138950,3,47,11,4,150800.0,289940.0,171840.0,98840.0,202655.7142857143,83243.80494610206,177193.66666666666,86245.56826128885,0,0,1,0
2024-11-23,229950,5,47,11,4,138950.0,100050.0,61550.0,143250.0,181085.7142857143,76114.17254299429,178530.66666666666,85294.68132075519,0,0,1,0
2024-11-24,193400,6,47,11,4,229950.0,300350.0,336250.0,63800.0,199642.85714285713,68520.75372086997,181420.66666666666,85526.55497818657,0,0,1,0
2024-11-25,155300,0,48,11,4,193400.0,276250.0,316700.0,75940.0,184364.2857142857,52334.76150614143,185740.66666666666,82603.74204320417,0,0,1,0
2024-11-26,163250,1,48,11,4,155300.0,137150.0,243950.0,11500.0,167085.7142857143,33529.75934755157,188386.0,80202.00399938413,0,0,1,0
2024-11-27,124800,2,48,11,4,163250.0,164050.0,235240.0,119750.0,170814.2857142857,31001.93158344682,193444.33333333334,73135.21755004178,0,0,1,0
2024-11-28,210300,3,48,11,4,124800.0,150800.0,309000.0,174940.0,165207.14285714287,35632.843330409174,193612.66666666666,72965.3628234247,0,0,1,0
2024-11-29,44650,4,48,11,4,210300.0,138950.0,289940.0,130100.0,173707.14285714287,38596.733762623095,194791.33333333334,72938.92153043512,0,0,1,0
2024-11-30,220500,5,48,11,4,44650.0,229950.0,100050.0,128400.0,160235.7142857143,62069.28732127827,191943.0,77101.939514493,0,0,1,0
2024-12-01,135900,6,48,12,4,220500.0,193400.0,300350.0,88850.0,158885.7142857143,60380.07890497823,195013.0,76314.14331563964,0,0,1,0
2024-12-02,72700,0,49,12,4,135900.0,155300.0,276250.0,180420.0,150671.42857142858,58792.44464741219,196581.33333333334,74519.5137014382,0,0,1,0
2024-12-03,147150,1,49,12,4,72700.0,163250.0,137150.0,190300.0,138871.42857142858,65603.28915244294,192990.66666666666,77846.04372527963,0,0,1,0
2024-12-04,161000,2,49,12,4,147150.0,124800.0,164050.0,250200.0,136571.42857142858,64884.43481261415,191552.33333333334,78294.8124711021,0,0,1,0
2024-12-05,209080,3,49,12,4,161000.0,210300.0,150800.0,126950.0,141742.85714285713,65231.53907793514,188579.0,77682.13904464597,0,0,1,0
2024-12-06,8350,4,49,12,4,209080.0,44650.0,138950.0,197200.0,141568.57142857142,65019.1234506103,191316.66666666666,76878.37233795549,0,0,1,0
2024-12-07,191250,5,49,12,4,8350.0,220500.0,229950.0,242250.0,136382.85714285713,74755.88643807823,185021.66666666666,83800.17624388229,0,0,1,0
2024-12-08,150450,6,49,12,4,191250.0,135900.0,193400.0,171840.0,132204.2857142857,69932.2788744327,183321.66666666666,83113.67923775707,0,0,1,0
2024-12-09,168200,0,50,12,4,150450.0,72700.0,155300.0,61550.0,134282.85714285713,70275.82128401527,182608.66666666666,83307.09564237493,0,0,1,0
2024-12-10,152150,1,50,12,4,168200.0,147150.0,163250.0,336250.0,147925.7142857143,65430.851249529645,186163.66666666666,80179.83268160743,0,0,1,0
2024-12-11,142150,2,50,12,4,152150.0,161000.0,124800.0,316700.0,148640.0,65448.26099039336,180027.0,75186.34854766537,0,0,1,0
2024-12-12,161750,3,50,12,4,142150.0,209080.0,210300.0,243950.0,145947.14285714287,65242.41889912962,174208.66666666666,70875.36203074025,0,0,1,0
2024-12-14,198400,5,50,12,4,161750.0,8350.0,44650.0,235240.0,139185.7142857143,59837.82746088035,171468.66666666666,69664.7954794629,0,0,1,0
2024-12-15,258550,6,50,12,4,198400.0,191250.0,220500.0,309000.0,166335.7142857143,21259.835258958487,170240.66666666666,68821.5088638635,0,0,1,0
2024-12-16,143550,0,51,12,4,258550.0,150450.0,135900.0,289940.0,175950.0,40717.71727393307,168559.0,65866.93693898428,0,0,1,0
2024-12-17,107900,1,51,12,4,143550.0,168200.0,72700.0,100050.0,174964.2857142857,41513.65954202758,163679.33333333334,61865.51504080736,0,0,1,0
2024-12-18,125400,2,51,12,4,107900.0,152150.0,147150.0,300350.0,166350.0,48772.81517402864,163941.0,61603.15276022806,0,0,1,0
2024-12-19,125750,3,51,12,4,125400.0,142150.0,161000.0,276250.0,162528.57142857142,51064.93298685845,158109.33333333334,56297.01032873787,0,0,1,0
2024-12-20,47300,4,51,12,4,125750.0,161750.0,209080.0,137150.0,160185.7142857143,52511.45679980761,153092.66666666666,51943.65275574285,0,0,1,0
2024-12-21,200000,5,51,12,4,47300.0,198400.0,8350.0,164050.0,143835.7142857143,67594.62327166325,150097.66666666666,55371.774129333106,0,0,1,0
2024-12-22,214950,6,51,12,4,200000.0,258550.0,191250.0,150800.0,144064.2857142857,67812.23902736693,151296.0,56068.757948888364,0,0,1,0
2024-12-23,196500,0,52,12,4,214950.0,143550.0,150450.0,138950.0,137835.7142857143,56623.37351811017,153434.33333333334,57259.80552578372,0,0,1,0
2024-12-24,185300,1,52,12,4,196500.0,107900.0,168200.0,229950.0,145400.0,60890.00328461137,155352.66666666666,57719.993006268414,0,0,1,0
2024-12-25,103250,2,52,12,4,185300.0,125400.0,152150.0,193400.0,156457.14285714287,59965.95164877172,153864.33333333334,56288.03901138432,0,0,1,0
2024-12-26,124950,3,52,12,4,103250.0,125750.0,142150.0,155300.0,153292.85714285713,62412.41482116757,150859.33333333334,56510.541520927785,0,0,1,0
2024-12-27,36600,4,52,12,4,124950.0,47300.0,161750.0,163250.0,153178.57142857142,62471.95942409433,149847.66666666666,56699.65265862916,0,0,1,0
2024-12-28,130600,5,52,12,4,36600.0,200000.0,198400.0,124800.0,151650.0,65549.48512383584,145626.0,60269.91161033206,0,0,1,0
2024-12-29,93000,6,52,12,4,130600.0,214950.0,258550.0,210300.0,141735.7142857143,62179.49631433782,145819.33333333334,60210.07539316467,0,0,1,0
2024-12-30,85750,0,1,12,4,93000.0,196500.0,143550.0,44650.0,124314.28571428571,54906.03119790003,141909.33333333334,59684.753666492456,0,0,1,0
2024-12-31,62750,1,1,12,4,85750.0,185300.0,107900.0,220500.0,108492.85714285714,45848.00457827531,143279.33333333334,57817.790659809965,0,0,1,0
